"..1","class_number","grade","평점","C_test","activity","Coding","Teamwork","Math","score","등급"
"1","s1374",1.875,0,0,111,1.75,2.5,1,33.875,"5등급"
"2","s821",1.375,1,111,111,1.16666666666667,1,1.16666666666667,44.7733333333333,"5등급"
"3","s388",1.9375,1,111,111,1.85,3,1.375,45.0375,"5등급"
"4","s399",1.85,2,222,111,2,1.5,1.66666666666667,56.15,"5등급"
"5","s684",1.97368421052632,2.5,278,111,1.86842105263158,3.5,2.33333333333333,61.8238596491228,"5등급"
"6","s1457",2.41666666666667,0,0,222,2,2,2.25,67.29,"5등급"
"7","s826",2.4375,0,0,222,2,2.5,2.5,67.325,"5등급"
"8","s1004",2.52631578947368,0,0,222,2.33333333333333,3,2.5,67.45,"5등급"
"9","s1137",2.28571428571429,0,0,222,2.7,2.5,1.83333333333333,67.5016666666667,"5등급"
"10","s117",2.6,0,0,222,3,2.5,2.16666666666667,67.6083333333333,"5등급"
"11","s264",2.9375,0,0,222,2.96153846153846,3.25,2.85714285714286,67.6741758241758,"5등급"
"12","s1289",2.75,1,111,222,1,3.5,1.5,78.105,"5등급"
"13","s700",2.68181818181818,1,111,222,1.625,3.5,2.875,78.38875,"5등급"
"14","s1097",2.16666666666667,1,111,222,1.92857142857143,2.5,2.25,78.3910714285714,"5등급"
"15","s713",2.1875,1,111,222,2,3.5,1.5,78.405,"5등급"
"16","s1017",2.46,1,111,222,2.07692307692308,2.5,1.91666666666667,78.4189102564102,"5등급"
"17","s219",2.53846153846154,1,111,222,2.20833333333333,2.5,2.25,78.475,"5등급"
"18","s845",2.84782608695652,1,111,222,2.11111111111111,3.5,2.66666666666667,78.52,"5등급"
"19","s793",2.60416666666667,1,111,222,2.26666666666667,3,2.6,78.536,"5등급"
"20","s1168",2.63333333333333,1,111,222,2.77777777777778,2.5,2,78.6333333333333,"5등급"
"21","s1030",2.88888888888889,1,111,222,2.58333333333333,3.5,2.75,78.6675,"5등급"
"22","s425",2.23529411764706,1.5,167,222,1.375,3.5,2.1,83.8595,"5등급"
"23","s1101",2.54166666666667,1.5,167,222,1.6,3.5,3,83.99,"5등급"
"24","s123",2.56818181818182,1.5,167,222,2.38636363636364,3,1.5,84.1059090909091,"5등급"
"25","s1094",2.79411764705882,1.5,167,222,2.8125,3.5,1.875,84.275,"5등급"
"26","s1075",2.58823529411765,2,222,222,1.875,2.5,2.25,89.475,"5등급"
"27","s1065",2.225,2,222,222,1.91666666666667,2.5,2.5,89.5,"5등급"
"28","s743",2.14583333333333,2,222,222,2.07692307692308,2.5,1.7,89.5080769230769,"5등급"
"29","s390",2.17391304347826,2,222,222,2.08333333333333,2.5,1.875,89.51875,"5등급"
"30","s1029",2.20833333333333,2,222,222,2.08333333333333,2.5,2,89.525,"5등급"
"31","s1618",2.81578947368421,2,222,222,2.35714285714286,1,2,89.5471428571429,"5등급"
"32","s801",2.57692307692308,2,222,222,2.1,3.5,2,89.57,"5등급"
"33","s1052",2.36666666666667,2,222,222,2.25,2.5,2.66666666666667,89.6083333333333,"5등급"
"34","s502",2.77631578947368,2,222,222,2.41176470588235,2.5,2.25,89.6360294117647,"5등급"
"35","s1018",2.675,2,222,222,2.1875,3.5,2.75,89.64875,"5등급"
"36","s1149",2.7,2,222,222,2.41666666666667,2.5,2.625,89.65625,"5등급"
"37","s545",2.80882352941176,2,222,222,2.32352941176471,3,2.85714285714286,89.668487394958,"5등급"
"38","s593",2.37931034482759,2,222,222,2.46428571428571,3.5,2,89.6792857142857,"5등급"
"39","s318",2.67142857142857,2,222,222,2.46666666666667,3.25,2.1875,89.6821875,"5등급"
"40","s762",2.79166666666667,2,222,222,2.44444444444444,3,2.5,89.6833333333333,"5등급"
"41","s534",2.83333333333333,2,222,222,2.66666666666667,2,2.25,89.69,"5등급"
"42","s1009",2.61538461538462,2,222,222,2.57142857142857,2.5,2.5,89.6964285714286,"5등급"
"43","s1139",2.64583333333333,2,222,222,2.33333333333333,3.5,2.9,89.703,"5등급"
"44","s787",2.93103448275862,2,222,222,2.60714285714286,2.5,2.66666666666667,89.7154761904762,"5등급"
"45","s445",2.77272727272727,2,222,222,2.3,3.5,3.3,89.721,"5등급"
"46","s651",2.5,2,222,222,2.72222222222222,4,2,89.7766666666667,"5등급"
"47","s1173",2.58823529411765,2.5,278,222,2.16666666666667,3,1.25,95.125,"5등급"
"48","s1036",2.70588235294118,2.5,278,222,2.0625,2.5,2.625,95.15,"5등급"
"49","s186",2.59090909090909,2.5,278,222,2.25,2,1.9375,95.1525,"5등급"
"50","s780",2.22727272727273,2.5,278,222,2.04166666666667,3.5,2.1,95.1595,"5등급"
"51","s421",2.5,2.5,278,222,2.17391304347826,2.5,2.44444444444444,95.1743961352657,"5등급"
"52","s815",2.68181818181818,2.5,278,222,2.34615384615385,2.5,2.1,95.2088461538462,"5등급"
"53","s1080",2.34210526315789,2.5,278,222,2.38461538461538,2.5,2.33333333333333,95.2320512820513,"5등급"
"54","s1063",2.22222222222222,2.5,278,222,2.45833333333333,2.5,2,95.2375,"5등급"
"55","s863",2.60416666666667,2.5,278,222,2.33333333333333,2.5,3,95.25,"5등급"
"56","s666",2.71428571428571,2.5,278,222,2.38461538461538,2.5,2.92857142857143,95.2618131868132,"5등급"
"57","s1053",2.92105263157895,2.5,278,222,2.5,2.5,2.5,95.275,"5등급"
"58","s962",2.86842105263158,2.5,278,222,2.44736842105263,3.25,2.16666666666667,95.2750438596491,"5등급"
"59","s828",2.65,2.5,278,222,2.61111111111111,2.5,2.5,95.3083333333333,"5등급"
"60","s850",2.64814814814815,2.5,278,222,2.58823529411765,2.5,3,95.3264705882353,"5등급"
"61","s1031",2.51612903225806,2.5,278,222,2.625,3.5,2,95.3275,"5등급"
"62","s820",2.79166666666667,2.5,278,222,2.58333333333333,3,2.55555555555556,95.3283333333333,"5등급"
"63","s771",2.91379310344828,2.5,278,222,2.78125,3,2.7,95.396375,"5등급"
"64","s244",2.95161290322581,2.5,278,222,2.8125,3.5,2.58333333333333,95.4245833333333,"5등급"
"65","s636",2.86538461538462,2.5,278,222,2.88461538461538,3.25,2.625,95.4360096153846,"5등급"
"66","s577",2.80555555555556,2.5,278,222,2.97058823529412,3.33333333333333,2.25,95.4411764705882,"5등급"
"67","s757",2.91071428571429,2.5,278,222,3,3.5,2.16666666666667,95.4516666666667,"5등급"
"68","s215",2.63461538461538,2.5,278,222,2.75,4,2.9,95.457,"5등급"
"69","s936",2.95,2.5,278,222,2.85,3.5,3,95.465,"5등급"
"70","s1024",2.96875,2.5,278,222,3.21428571428571,3.5,2.8,95.5602857142857,"5등급"
"71","s743",2.14583333333333,3,333,222,2.07692307692308,2.5,1.7,100.608076923077,"5등급"
"72","s1468",2.17647058823529,3,333,222,2,2.5,2.25,100.6125,"5등급"
"73","s1439",2,3,333,222,2.16666666666667,2.5,1.5,100.625,"5등급"
"74","s405",2.62,3,333,222,2.13636363636364,2.5,2,100.640909090909,"5등급"
"75","s1356",2.54545454545455,3,333,222,2.16666666666667,2.5,2,100.65,"5등급"
"76","s1301",2.61538461538462,3,333,222,2.27272727272727,2,1.75,100.651818181818,"5등급"
"77","s1346",2.28571428571429,3,333,222,2.16666666666667,2.5,2.5,100.675,"5등급"
"78","s836",2.4,3,333,222,2.33333333333333,2,2.125,100.685,"5등급"
"79","s813",2.64,3,333,222,2.29166666666667,2.5,2.1,100.6925,"5등급"
"80","s1484",2.25,3,333,222,2.5,2.5,1,100.7,"5등급"
"81","s729",2.25,3,333,222,2.5,1.5,1.7,100.701,"5등급"
"82","s1311",2.5,3,333,222,2.16666666666667,3,2.625,100.7075,"5등급"
"83","s752",2.25,3,333,222,2.4,2.5,1.75,100.7075,"5등급"
"84","s464",2.51063829787234,3,333,222,2.3,3.5,1.91666666666667,100.724166666667,"5등급"
"85","s1360",2.45,3,333,222,2.35,3,2,100.725,"5등급"
"86","s557",2.30434782608696,3,333,222,2.46153846153846,2.5,1.75,100.725961538462,"5등급"
"87","s1542",2.78571428571429,3,333,222,2.38888888888889,3,2,100.736666666667,"5등급"
"88","s1144",2.75,3,333,222,2.33333333333333,2.5,2.75,100.7375,"5등급"
"89","s804",2.475,3,333,222,2.5,2.5,1.75,100.7375,"5등급"
"90","s1420",2.25,3,333,222,2.5,2,2.33333333333333,100.743333333333,"5등급"
"91","s678",2.35294117647059,3,333,222,2.3,3.5,2.25,100.7475,"5등급"
"92","s413",2.53571428571429,3,333,222,2.5,2.5,2,100.75,"5등급"
"93","s543",2.5625,3,333,222,2.76923076923077,1,1,100.750769230769,"5등급"
"94","s110",2.47142857142857,3,333,222,2.54545454545455,2.5,1.875,100.757386363636,"5등급"
"95","s539",2.11764705882353,3,333,222,2.7,1.5,1.75,100.7625,"5등급"
"96","s142",2.55128205128205,3,333,222,2.34,4,2.08333333333333,100.768666666667,"5등급"
"97","s194",2.56944444444444,3,333,222,2.55,2.5,2.16666666666667,100.773333333333,"5등급"
"98","s1725",2.5625,3,333,222,2.33333333333333,3,3,100.78,"5등급"
"99","s1594",2.65217391304348,3,333,222,2.6,3.25,1.75,100.79375,"5등급"
"100","s1282",2.86363636363636,3,333,222,2.5,3.5,2.125,100.79875,"5등급"
"101","s150",2.44594594594595,3,333,222,2.55,3.5,2.07142857142857,100.81,"5등급"
"102","s1485",2.825,3,333,222,2.55555555555556,2.5,2.875,100.810416666667,"5등급"
"103","s722",2.7037037037037,3,333,222,2.43333333333333,3.5,2.58333333333333,100.810833333333,"5등급"
"104","s744",2.80555555555556,3,333,222,2.52272727272727,3.25,2.42857142857143,100.814675324675,"5등급"
"105","s1146",2.47058823529412,3,333,222,2.57142857142857,3.5,2.16666666666667,100.823095238095,"5등급"
"106","s1470",2.56818181818182,3,333,222,2.6,2.5,2.875,100.82375,"5등급"
"107","s996",2.56666666666667,3,333,222,2.57692307692308,3.5,2.16666666666667,100.824743589744,"5등급"
"108","s1345",2.45454545454545,3,333,222,2.75,2.5,2,100.825,"5등급"
"109","s1371",2.82352941176471,3,333,222,2.5,2.5,3.5,100.825,"5등급"
"110","s1376",2.6,3,333,222,2.66666666666667,2.5,2.5,100.825,"5등급"
"111","s460",2.82051282051282,3,333,222,2.81818181818182,2.5,1.66666666666667,100.828787878788,"5등급"
"112","s240",2.73214285714286,3,333,222,2.66666666666667,3,2.2,100.832,"5등급"
"113","s465",2.9390243902439,3,333,222,2.54347826086957,3.5,2.58333333333333,100.843876811594,"5등급"
"114","s195",2.95454545454545,3,333,222,2.5,3.5,2.83333333333333,100.848333333333,"5등급"
"115","s1394",2.73913043478261,3,333,222,2.54166666666667,3.5,2.66666666666667,100.849166666667,"5등급"
"116","s1431",2.25,3,333,222,3,2,1.5,100.86,"5등급"
"117","s411",2.45,3,333,222,2.75,2.5,2.75,100.8625,"5등급"
"118","s1025",2.82258064516129,3,333,222,2.67857142857143,3,2.66666666666667,100.863571428571,"5등급"
"119","s1358",2.5,3,333,222,2.9,2.5,1.875,100.86375,"5등급"
"120","s178",2.98648648648649,3,333,222,2.78947368421053,2.5,2.57142857142857,100.865413533835,"5등급"
"121","s1312",2.72222222222222,3,333,222,2.71428571428571,3,2.75,100.879285714286,"5등급"
"122","s1573",2.72916666666667,3,333,222,2.75,3.5,2.25,100.8825,"5등급"
"123","s99",2.62121212121212,3,333,222,2.67647058823529,4,2.28571428571429,100.885798319328,"5등급"
"124","s1112",2.86363636363636,3,333,222,2.875,2.5,2.5,100.8875,"5등급"
"125","s834",2.75,3,333,222,2.8,2.5,3,100.89,"5등급"
"126","s1331",2.84375,3,333,222,2.88888888888889,2.5,2.5,100.891666666667,"5등급"
"127","s721",2.85416666666667,3,333,222,2.80769230769231,3,2.5,100.892307692308,"5등급"
"128","s900",2.95121951219512,3,333,222,2.86538461538462,3.5,1.92857142857143,100.894615384615,"5등급"
"129","s1106",2.96153846153846,3,333,222,2.7,2.5,3.75,100.8975,"5등급"
"130","s1422",2.59090909090909,3,333,222,2.75,2.5,3.5,100.9,"5등급"
"131","s225",2.94318181818182,3,333,222,2.77777777777778,3,2.77777777777778,100.9,"5등급"
"132","s1482",2.80434782608696,3,333,222,2.77272727272727,3,2.83333333333333,100.901818181818,"5등급"
"133","s1103",2.79166666666667,3,333,222,2.93333333333333,2.5,2.5,100.905,"5등급"
"134","s599",2.96774193548387,3,333,222,2.67647058823529,3.5,2.91666666666667,100.907107843137,"5등급"
"135","s1119",2.9375,3,333,222,2.59090909090909,3.5,3.3,100.908272727273,"5등급"
"136","s1225",3.05769230769231,0,0,333,2.60714285714286,3.5,3.25,100.909642857143,"5등급"
"137","s1021",2.859375,3,333,222,2.73684210526316,3.5,2.7,100.910052631579,"5등급"
"138","s181",2.7741935483871,3,333,222,2.96428571428571,2.5,2.41666666666667,100.910119047619,"5등급"
"139","s1035",2.875,3,333,222,2.84615384615385,3,2.625,100.911346153846,"5등급"
"140","s1617",2.97619047619048,3,333,222,3,2.5,2.25,100.9125,"5등급"
"141","s1473",2.77272727272727,3,333,222,2.83333333333333,3.5,2.33333333333333,100.913333333333,"5등급"
"142","s1400",2.88461538461538,3,333,222,2.875,3,2.66666666666667,100.9225,"5등급"
"143","s149",2.95,3,333,222,2.70454545454545,3.75,2.83333333333333,100.923863636364,"5등급"
"144","s1046",2.7037037037037,3,333,222,2.8125,3.5,2.6,100.92575,"5등급"
"145","s243",2.9375,3,333,222,2.52631578947368,4,3.35714285714286,100.926466165414,"5등급"
"146","s524",2.86666666666667,3,333,222,3,2.5,2.57142857142857,100.928571428571,"5등급"
"147","s689",2.88636363636364,3,333,222,2.94117647058824,3.5,2.125,100.931102941176,"5등급"
"148","s1213",2.94444444444444,3,333,222,2.73076923076923,4,2.66666666666667,100.932564102564,"5등급"
"149","s1133",2.5,3,333,222,3,2.5,2.66666666666667,100.933333333333,"5등급"
"150","s1284",2.92105263157895,3,333,222,2.90909090909091,3,2.75,100.937727272727,"5등급"
"151","s1543",2.97826086956522,3,333,222,2.9,3.5,2.4,100.938,"5등급"
"152","s1436",2.68181818181818,3,333,222,3,2.5,2.83333333333333,100.941666666667,"5등급"
"153","s548",2.92592592592593,3,333,222,3.08333333333333,2.5,2.42857142857143,100.946428571429,"5등급"
"154","s904",2.96052631578947,3,333,222,2.94444444444444,3.5,2.33333333333333,100.946666666667,"5등급"
"155","s1338",2.91666666666667,3,333,222,3.125,2.5,2.5,100.9625,"5등급"
"156","s1923",2.9375,3,333,222,3.125,2.5,2.5,100.9625,"5등급"
"157","s1488",2.81818181818182,3,333,222,3,3.5,2.33333333333333,100.963333333333,"5등급"
"158","s1172",2.94117647058824,3,333,222,2.83333333333333,3.5,3.16666666666667,100.971666666667,"5등급"
"159","s226",2.90384615384615,3,333,222,3.03846153846154,4,2.1,100.979538461538,"5등급"
"160","s216",2.98863636363636,3,333,222,2.80434782608696,3.25,3.875,100.993179347826,"5등급"
"161","s674",2.95454545454545,3,333,222,2.85714285714286,3.5,3.375,100.993392857143,"5등급"
"162","s1393",2.975,3,333,222,3.11111111111111,2.5,3.3,100.998333333333,"5등급"
"163","s1478",2.85,3,333,222,3.125,2.5,3.25,101,"5등급"
"164","s376",2.95454545454545,3,333,222,2.83333333333333,4,3.125,101,"5등급"
"165","s439",2.86764705882353,3,333,222,2.9375,3.5,3.28571428571429,101.01125,"5등급"
"166","s1367",2.30555555555556,3.5,389,222,2.0625,3,1.875,106.23125,"5등급"
"167","s1290",2.75925925925926,3.5,389,222,2.27272727272727,2,1.8,106.253818181818,"5등급"
"168","s716",2.14705882352941,3.5,389,222,2.29166666666667,2,1.75,106.2575,"5등급"
"169","s138",2.31666666666667,3.5,389,222,2.2,2.5,2.41666666666667,106.280833333333,"5등급"
"170","s1285",2.625,3.5,389,222,2.20833333333333,4,1.5,106.2825,"5등급"
"171","s407",2.56666666666667,3.5,389,222,2.2,3,2.1875,106.29125,"5등급"
"172","s1034",2.5,3.5,389,222,2.30769230769231,2.25,2.375,106.299182692308,"5등급"
"173","s793",2.60416666666667,3.5,389,222,2.26666666666667,3,2.6,106.336,"5등급"
"174","s1501",2.5,3.5,389,222,2.45454545454545,2,2.66666666666667,106.34303030303,"5등급"
"175","s187",2.39189189189189,3.5,389,222,2.52380952380952,2.5,1.85714285714286,106.35,"5등급"
"176","s1002",2.5,3.5,389,222,2.36363636363636,2.9,2.5,106.354090909091,"5등급"
"177","s1149",2.7,3.5,389,222,2.41666666666667,2.5,2.625,106.35625,"5등급"
"178","s118",2.63636363636364,3.5,389,222,2.56666666666667,2.5,2.16666666666667,106.378333333333,"5등급"
"179","s762",2.79166666666667,3.5,389,222,2.44444444444444,3,2.5,106.383333333333,"5등급"
"180","s777",2.71428571428571,3.5,389,222,2.71875,3.5,1,106.385625,"5등급"
"181","s96",2.56578947368421,3.5,389,222,2.33333333333333,4.5,2.08333333333333,106.3875,"5등급"
"182","s435",2.80681818181818,3.5,389,222,2.46153846153846,3.5,2.14285714285714,106.388461538462,"5등급"
"183","s1127",2.58695652173913,3.5,389,222,2.54545454545455,2.5,2.5,106.388636363636,"5등급"
"184","s1437",2.76666666666667,3.5,389,222,2.6,2.5,2.33333333333333,106.396666666667,"5등급"
"185","s506",2.5609756097561,3.5,389,222,2.61363636363636,2.5,2.41666666666667,106.404924242424,"5등급"
"186","s163",2.60416666666667,3.5,389,222,2.69230769230769,2.5,2,106.407692307692,"5등급"
"187","s162",2.625,3.5,389,222,2.73076923076923,2.5,1.83333333333333,106.410897435897,"5등급"
"188","s1398",2.54545454545455,3.5,389,222,2.625,2.5,2.5,106.4125,"5등급"
"189","s824",2.57894736842105,3.5,389,222,2.45454545454545,3.5,2.625,106.420113636364,"5등급"
"190","s712",2.82,3.5,389,222,2.7,3.5,1.66666666666667,106.426666666667,"5등급"
"191","s1628",2.5,3.5,389,222,2.58333333333333,3.5,2.16666666666667,106.426666666667,"5등급"
"192","s1169",2.6,3.5,389,222,2.64285714285714,2.5,2.75,106.430357142857,"5등급"
"193","s430",2.90217391304348,3.5,389,222,2.6,3.5,2.16666666666667,106.431666666667,"5등급"
"194","s961",2.73809523809524,3.5,389,222,2.61111111111111,3,2.5,106.433333333333,"5등급"
"195","s113",2.83870967741935,3.5,389,222,2.53125,3.5,2.5,106.434375,"5등급"
"196","s229",2.75757575757576,3.5,389,222,2.6875,2.5,2.5625,106.434375,"5등급"
"197","s536",2.56666666666667,3.5,389,222,3,1,2,106.44,"5등급"
"198","s1099",2.40909090909091,3.5,389,222,2.79166666666667,2.5,2.125,106.44375,"5등급"
"199","s843",2.48076923076923,3.5,389,222,2.83333333333333,2.83333333333333,1.66666666666667,106.444444444444,"5등급"
"200","s835",2.74074074074074,3.5,389,222,2.65,3,2.5,106.445,"4등급"
"201","s1458",2.45,3.5,389,222,2.625,4,2,106.4475,"4등급"
"202","s675",2.85714285714286,3.5,389,222,2.77272727272727,2.5,2.375,106.450568181818,"4등급"
"203","s1048",2.36363636363636,3.5,389,222,2.70833333333333,3.5,2,106.4525,"4등급"
"204","s1479",2.7,3.5,389,222,2.66666666666667,3.5,2.375,106.46625,"4등급"
"205","s1777",2.75,3.5,389,222,2.66666666666667,2.5,3.5,106.475,"4등급"
"206","s1494",2.73529411764706,3.5,389,222,2.71428571428571,2.5,3.25,106.476785714286,"4등급"
"207","s1384",2.54166666666667,3.5,389,222,3,2,2,106.48,"4등급"
"208","s1076",2.80952380952381,3.5,389,222,2.72727272727273,2.5,3.33333333333333,106.484848484848,"4등급"
"209","s755",2.76315789473684,3.5,389,222,2.79166666666667,3,2.5,106.4875,"4등급"
"210","s65",2.85185185185185,3.5,389,222,2.84615384615385,2.5,2.7,106.488846153846,"4등급"
"211","s368",2.93939393939394,3.5,389,222,2.76470588235294,4,2,106.489411764706,"4등급"
"212","s1072",2.75,3.5,389,222,2.6875,3.5,2.625,106.49,"4등급"
"213","s417",2.825,3.5,389,222,2.9,3,2,106.49,"4등급"
"214","s211",2.90697674418605,3.5,389,222,2.7962962962963,3.5,2.1875,106.492013888889,"4등급"
"215","s1039",2.65,3.5,389,222,2.83333333333333,2.5,3,106.5,"4등급"
"216","s1503",2.98,3.5,389,222,2.875,2,3.5,106.5025,"4등급"
"217","s66",2.81481481481481,3.5,389,222,2.89285714285714,2.5,2.8,106.507857142857,"4등급"
"218","s512",2.86111111111111,3.5,389,222,2.92857142857143,3,2.2,106.510571428571,"4등급"
"219","s1078",2.85416666666667,3.5,389,222,2.86666666666667,3.5,2.16666666666667,106.511666666667,"4등급"
"220","s1132",2.72972972972973,3.5,389,222,2.76923076923077,3.5,2.6,106.512769230769,"4등급"
"221","s101",2.91891891891892,3.5,389,222,2.76315789473684,4,2.3,106.512947368421,"4등급"
"222","s1051",2.9,3.5,389,222,2.85,2.5,3.16666666666667,106.513333333333,"4등급"
"223","s1011",2.8125,3.5,389,222,2.73076923076923,3.5,2.8,106.515230769231,"4등급"
"224","s769",2.92857142857143,3.5,389,222,2.78571428571429,4,2.25,106.515714285714,"4등급"
"225","s190",2.94285714285714,3.5,389,222,2.91176470588235,2.75,2.75,106.524779411765,"4등급"
"226","s521",2.82,3.5,389,222,2.88461538461538,3,2.7,106.527384615385,"4등급"
"227","s1489",2.79166666666667,3.5,389,222,3.25,1,2.66666666666667,106.528333333333,"4등급"
"228","s1444",2.45833333333333,3.5,389,222,3,3.5,1.83333333333333,106.528333333333,"4등급"
"229","s1414",2.625,3.5,389,222,3.125,2.5,1.83333333333333,106.529166666667,"4등급"
"230","s541",2.55555555555556,3.5,389,222,3,2.5,2.625,106.53125,"4등급"
"231","s424",2.78125,3.5,389,222,2.86666666666667,3,2.85714285714286,106.531428571429,"4등급"
"232","s794",2.97727272727273,3.5,389,222,3.10714285714286,2.5,2,106.532142857143,"4등급"
"233","s932",2.90909090909091,3.5,389,222,2.8,3.75,2.6,106.535,"4등급"
"234","s1405",2.86363636363636,3.5,389,222,2.875,3.5,2.5,106.5375,"4등급"
"235","s107",2.87837837837838,3.5,389,222,3.10416666666667,2.5,2.16666666666667,106.539583333333,"4등급"
"236","s1104",2.775,3.5,389,222,2.76923076923077,3.5,3,106.540769230769,"4등급"
"237","s1428",2.95,3.5,389,222,3,2.5,2.83333333333333,106.541666666667,"4등급"
"238","s135",2.98863636363636,3.5,389,222,2.875,3.5,2.625,106.54625,"4등급"
"239","s1454",2.94444444444444,3.5,389,222,2.92857142857143,3,3,106.558571428571,"4등급"
"240","s1492",2.76470588235294,3.5,389,222,3.08333333333333,2.5,2.7,106.56,"4등급"
"241","s811",2.94117647058824,3.5,389,222,2.92857142857143,3.5,2.625,106.562321428571,"4등급"
"242","s472",2.9047619047619,3.5,389,222,2.95,3.5,2.6,106.567,"4등급"
"243","s849",2.9375,3.5,389,222,3.11111111111111,3,2.25,106.568333333333,"4등급"
"244","s1090",2.9,3.5,389,222,2.95833333333333,3.5,2.6,106.5695,"4등급"
"245","s1383",2.72727272727273,3.5,389,222,3.25,2,2.5,106.575,"4등급"
"246","s1390",2.85294117647059,3.5,389,222,2.92857142857143,3.5,2.875,106.579821428571,"4등급"
"247","s750",2.97826086956522,3.5,389,222,3.13636363636364,3,2.4,106.584909090909,"4등급"
"248","s1399",2.83333333333333,3.5,389,222,2.9,4,2.75,106.59,"4등급"
"249","s1748",2.25,3.5,389,222,3.5,2.5,1,106.6,"4등급"
"250","s805",2.875,3.5,389,222,3.1,3.5,2.5,106.605,"4등급"
"251","s489",2.86486486486486,3.5,389,222,3.125,3,2.92857142857143,106.613214285714,"4등급"
"252","s1092",2.94642857142857,3.5,389,222,3.23076923076923,3.5,2.1,106.616230769231,"4등급"
"253","s1364",2.97058823529412,3.5,389,222,3,4.5,3,106.67,"4등급"
"254","s112",2.54166666666667,3.5,389,222,3.66666666666667,2.5,2.5,106.725,"4등급"
"255","s1430",2.65,4,444,222,2.33333333333333,2,2.33333333333333,111.793333333333,"4등급"
"256","s1385",2.3,4,444,222,2.625,2,1.75,111.8575,"4등급"
"257","s1440",2.65,4,444,222,2.5,2.5,2.5,111.875,"4등급"
"258","s67",2.57894736842105,4,444,222,2.5,3.5,2.33333333333333,111.913333333333,"4등급"
"259","s1407",2.625,4,444,222,2.83333333333333,2.5,2.5,111.975,"4등급"
"260","s796",2.47058823529412,4,444,222,3.1875,1,1.66666666666667,111.989583333333,"4등급"
"261","s810",2.97222222222222,4,444,222,2.77777777777778,3.5,2.625,112.017083333333,"4등급"
"262","s1047",2.55769230769231,4,444,222,2.92857142857143,3.5,2.1,112.025571428571,"4등급"
"263","s446",2.72058823529412,4,444,222,2.55263157894737,3.5,3.71428571428571,112.025789473684,"4등급"
"264","s925",2.97435897435897,4,444,222,2.85714285714286,3.5,2.5,112.032142857143,"4등급"
"265","s180",2.73684210526316,4,444,222,2.85714285714286,3.5,2.78571428571429,112.052142857143,"4등급"
"266","s1545",2.95833333333333,4,444,222,3,2.25,3.4,112.053,"4등급"
"267","s1134",2.72222222222222,4,444,222,3.10714285714286,3.5,1.75,112.054642857143,"4등급"
"268","s725",2.925,4,444,222,2.91666666666667,3.5,2.625,112.05875,"4등급"
"269","s625",2.95454545454545,4,444,222,2.88888888888889,3,3.28571428571429,112.06380952381,"4등급"
"270","s291",2.6304347826087,4,444,222,3.06,4.5,1.83333333333333,112.083,"4등급"
"271","s1166",2.625,4,444,222,3.08333333333333,3.5,2.41666666666667,112.094166666667,"4등급"
"272","s818",2.86666666666667,4,444,222,3,3.5,2.8,112.096,"4등급"
"273","s250",2.86363636363636,4,444,222,3.26923076923077,4,1.7,112.116769230769,"4등급"
"274","s1091",2.95833333333333,4,444,222,3.26666666666667,3,2.4,112.124,"4등급"
"275","s332",2.875,4,444,222,3.125,3.5,3,112.1475,"4등급"
"276","s767",2.95,4,444,222,3.375,3.5,2.08333333333333,112.158333333333,"4등급"
"277","s1070",2.91176470588235,4,444,222,3.3,3.5,3.16666666666667,112.211666666667,"4등급"
"278","s1115",2.87037037037037,4,444,222,3.25,3.5,3.4,112.213,"4등급"
"279","s559",2.47727272727273,4.5,500,222,2.45,2.5,2.5,117.46,"4등급"
"280","s517",2.30434782608696,4.5,500,222,2.8,1.5,1.66666666666667,117.49,"4등급"
"281","s1427",2.525,4.5,500,222,2.77272727272727,2.5,2.25,117.544318181818,"4등급"
"282","s1353",2.5,4.5,500,222,3,1.5,3,117.59,"4등급"
"283","s415",2.70689655172414,4.5,500,222,2.93333333333333,3.25,2.28571428571429,117.628571428571,"4등급"
"284","s1447",2.36363636363636,4.5,500,222,3.16666666666667,2,2.16666666666667,117.636666666667,"4등급"
"285","s456",2.93333333333333,4.5,500,222,2.925,3.5,2.33333333333333,117.640833333333,"4등급"
"286","s825",2.89473684210526,4.5,500,222,2.92857142857143,3,3.1,117.664571428571,"4등급"
"287","s915",3.09375,1.5,167,333,2.8125,3.5,3.16666666666667,117.665416666667,"4등급"
"288","s409",2.93333333333333,4.5,500,222,3.15625,2.5,2.85714285714286,117.689732142857,"4등급"
"289","s637",2.81944444444444,4.5,500,222,3.28260869565217,3,1.875,117.697282608696,"4등급"
"290","s1147",2.83333333333333,4.5,500,222,3.21052631578947,3.5,2.25,117.720657894737,"4등급"
"291","s1081",2.88461538461538,4.5,500,222,3.23333333333333,3,2.8,117.738,"4등급"
"292","s1074",2.75,4.5,500,222,3.5625,2.5,2.2,117.77875,"4등급"
"293","s578",3.36,1.5,167,333,3.07692307692308,4,3.2,117.779076923077,"4등급"
"294","s1140",3.04347826086957,2,222,333,2.66666666666667,2.5,3.5,123.075,"4등급"
"295","s788",3.13333333333333,2,222,333,2.66666666666667,2.5,3.625,123.08125,"4등급"
"296","s1016",3.15625,2,222,333,2.57142857142857,3,3.5,123.081428571429,"4등급"
"297","s1608",3.16666666666667,2,222,333,2.75,2.5,3.5,123.1,"4등급"
"298","s392",3,2,222,333,2.86363636363636,3,2.5,123.109090909091,"4등급"
"299","s510",3.08695652173913,2,222,333,3.11111111111111,2.5,2.5,123.158333333333,"4등급"
"300","s1614",3.16666666666667,2,222,333,2.92857142857143,4,3.375,123.248571428571,"4등급"
"301","s128",3.59210526315789,2,222,333,3.4,2.5,3.5625,123.298125,"4등급"
"302","s567",3.64473684210526,2,222,333,3.60526315789474,3.5,4,123.461578947368,"4등급"
"303","s661",3.85526315789474,2,222,333,3.75,4.5,3.83333333333333,123.57,"4등급"
"304","s983",3.01351351351351,2.5,278,333,2.47222222222222,3.5,1.66666666666667,128.558333333333,"4등급"
"305","s1613",3.025,2.5,278,333,2.5,3,2.33333333333333,128.59,"4등급"
"306","s1609",3.175,2.5,278,333,2.875,3,2,128.6825,"4등급"
"307","s1302",3.1551724137931,2.5,278,333,2.66666666666667,3.5,2.875,128.70125,"4등급"
"308","s756",3.375,2.5,278,333,2.625,3.5,3.25,128.715,"4등급"
"309","s764",3.23913043478261,2.5,278,333,3,2.5,2.8,128.74,"4등급"
"310","s795",3.13636363636364,2.5,278,333,3.05555555555556,2,3.1,128.740666666667,"4등급"
"311","s1033",3.06666666666667,2.5,278,333,2.66666666666667,3.5,3.5,128.745,"4등급"
"312","s1040",3.22222222222222,2.5,278,333,3,2.5,3.16666666666667,128.758333333333,"4등급"
"313","s1001",3.1,2.5,278,333,3.04166666666667,3,2.5,128.7625,"4등급"
"314","s1155",3,2.5,278,333,2.85,3.5,3,128.765,"4등급"
"315","s864",3.19047619047619,2.5,278,333,2.88888888888889,3.5,2.83333333333333,128.765,"4등급"
"316","s1041",3.03703703703704,2.5,278,333,2.96875,3.5,2.625,128.774375,"4등급"
"317","s739",3.14814814814815,2.5,278,333,3,3,3.2,128.792,"4등급"
"318","s856",3.21739130434783,2.5,278,333,3.05,3.5,2.7,128.804,"4등급"
"319","s830",3.16216216216216,2.5,278,333,2.76190476190476,4.5,3.14285714285714,128.811428571429,"4등급"
"320","s1124",3.16,2.5,278,333,2.92307692307692,3.5,3.375,128.813173076923,"4등급"
"321","s295",3.04444444444444,2.5,278,333,3.19230769230769,3.5,2.25,128.815192307692,"4등급"
"322","s802",3.19047619047619,2.5,278,333,3.05,3,3.5,128.825,"4등급"
"323","s402",3.21951219512195,2.5,278,333,3.05263157894737,4,2.72222222222222,128.833567251462,"4등급"
"324","s1300",3.29166666666667,2.5,278,333,3.09090909090909,3,3.5,128.837272727273,"4등급"
"325","s1164",3.1,2.5,278,333,3.175,3.5,2.71428571428571,128.8425,"4등급"
"326","s857",3.26785714285714,2.5,278,333,3.28125,2.5,3.16666666666667,128.842708333333,"4등급"
"327","s781",3.34090909090909,2.5,278,333,3.09090909090909,3,3.6,128.843272727273,"4등급"
"328","s327",3.07446808510638,2.5,278,333,3.10714285714286,3.5,3.14285714285714,128.852142857143,"4등급"
"329","s358",3.04838709677419,2.5,278,333,3,4.5,2.875,128.85875,"4등급"
"330","s724",3.5,2.5,278,333,3,3.5,3.83333333333333,128.868333333333,"4등급"
"331","s495",3.40277777777778,2.5,278,333,3.28125,3,3.14285714285714,128.872946428571,"4등급"
"332","s1108",3.41935483870968,2.5,278,333,2.9375,4.5,3.25,128.87375,"4등급"
"333","s1056",3.36842105263158,2.5,278,333,3.33333333333333,2.5,3.83333333333333,128.891666666667,"4등급"
"334","s532",3.23611111111111,2.5,278,333,3.14705882352941,4,3.14285714285714,128.895546218487,"4등급"
"335","s791",3.30555555555556,2.5,278,333,3.14285714285714,4.5,2.83333333333333,128.897857142857,"4등급"
"336","s1150",3.28,2.5,278,333,3.03571428571429,4.5,3.3,128.907714285714,"4등급"
"337","s655",3.3125,2.5,278,333,3.2,4.5,2.83333333333333,128.915,"4등급"
"338","s827",3.1625,2.5,278,333,3.59375,3.5,2.25,128.935625,"4등급"
"339","s753",3.40540540540541,2.5,278,333,3.4,4.5,2.5,128.945,"4등급"
"340","s846",3.47222222222222,2.5,278,333,3,4.5,4,128.96,"4등급"
"341","s438",3.60810810810811,2.5,278,333,3.27083333333333,3.5,4.0625,128.965625,"4등급"
"342","s1058",3.5,2.5,278,333,3.5,3.5,3.66666666666667,129.006666666667,"4등급"
"343","s803",3.56896551724138,2.5,278,333,3.60714285714286,3.5,3.7,129.041142857143,"4등급"
"344","s515",3.453125,2.5,278,333,3.76470588235294,3.75,3.33333333333333,129.079411764706,"4등급"
"345","s1295",3.02941176470588,3,333,333,2.33333333333333,1,2,133.94,"4등급"
"346","s736",3.06451612903226,3,333,333,2.5,3.8125,1.83333333333333,134.089791666667,"4등급"
"347","s1432",3.07142857142857,3,333,333,2.6875,3.5,2.5,134.18125,"4등급"
"348","s1605",3.20454545454545,3,333,333,2.625,3,3.25,134.1825,"4등급"
"349","s1612",3.10526315789474,3,333,333,3.1875,1,1.83333333333333,134.192916666667,"4등급"
"350","s1600",3.35714285714286,3,333,333,2.83333333333333,3,2.75,134.215,"4등급"
"351","s1616",3.20588235294118,3,333,333,2.8125,4,2.25,134.22375,"4등급"
"352","s441",3.01111111111111,3,333,333,2.80434782608696,3.5,2.66666666666667,134.227971014493,"4등급"
"353","s817",3.15,3,333,333,2.83333333333333,3,3,134.23,"4등급"
"354","s91",3.06944444444444,3,333,333,3,2.5,2.66666666666667,134.233333333333,"4등급"
"355","s1026",3,3,333,333,3,2.5,2.875,134.24375,"4등급"
"356","s172",3.25,3,333,333,2.875,3.5,2.625,134.24625,"4등급"
"357","s165",3.11627906976744,3,333,333,2.79545454545455,4,2.6,134.246636363636,"4등급"
"358","s1443",3.1,3,333,333,2.8125,4,2.625,134.25375,"4등급"
"359","s1619",3.23684210526316,3,333,333,3.125,2,3.16666666666667,134.264166666667,"4등급"
"360","s191",3.11428571428571,3,333,333,3.16666666666667,3,2.07142857142857,134.274285714286,"4등급"
"361","s241",3.10810810810811,3,333,333,2.80952380952381,4,2.9,134.274857142857,"4등급"
"362","s916",3.18965517241379,3,333,333,2.82142857142857,4,2.875,134.276428571429,"4등급"
"363","s103",3.08333333333333,3,333,333,3.15625,2.5,2.6,134.276875,"4등급"
"364","s742",3.25806451612903,3,333,333,3,3,3.07142857142857,134.284285714286,"4등급"
"365","s1615",3.30555555555556,3,333,333,3.11111111111111,4,2,134.293333333333,"4등급"
"366","s940",3,3,333,333,2.95833333333333,4,2.6,134.2955,"4등급"
"367","s792",3.15714285714286,3,333,333,3.14705882352941,3,2.58333333333333,134.299117647059,"4등급"
"368","s451",3.125,3,333,333,2.8125,4.5,2.85714285714286,134.300892857143,"4등급"
"369","s1637",3.1875,3,333,333,3.1875,3,2.5,134.30625,"4등급"
"370","s1085",3.01923076923077,3,333,333,3.25,2.5,2.75,134.3125,"4등급"
"371","s957",3.03658536585366,3,333,333,3.07142857142857,3.5,2.875,134.322678571429,"4등급"
"372","s193",3.16666666666667,3,333,333,3.33333333333333,2.5,2.5,134.325,"4등급"
"373","s1123",3.19444444444444,3,333,333,2.88888888888889,3.5,3.75,134.329166666667,"4등급"
"374","s209",3.46511627906977,3,333,333,2.94444444444444,4.25,2.9,134.329833333333,"4등급"
"375","s899",3.22857142857143,3,333,333,3.07894736842105,4.5,2.375,134.337434210526,"4등급"
"376","s486",3.19047619047619,3,333,333,3.07692307692308,3.5,3.08333333333333,134.33891025641,"4등급"
"377","s991",3.0625,3,333,333,3,3.5,3.5,134.345,"4등급"
"378","s527",3.38235294117647,3,333,333,3.13888888888889,3,3.42857142857143,134.347380952381,"4등급"
"379","s1354",3,3,333,333,3.33333333333333,3,2.5,134.35,"4등급"
"380","s519",3.328125,3,333,333,3.17857142857143,3,3.28571428571429,134.350714285714,"4등급"
"381","s466",3.23333333333333,3,333,333,3.15625,3.5,3.3,134.377875,"4등급"
"382","s173",3.21621621621622,3,333,333,3.33333333333333,3.5,2.58333333333333,134.380833333333,"4등급"
"383","s1564",3.14583333333333,3,333,333,3.3,3.66666666666667,2.625,134.3825,"4등급"
"384","s459",3.06060606060606,3,333,333,3.15625,3.75,3.16666666666667,134.384375,"4등급"
"385","s63",3.06578947368421,3,333,333,3.275,3,3.375,134.385,"4등급"
"386","s1456",3.16666666666667,3,333,333,3.375,2.5,3.5,134.3875,"4등급"
"387","s671",3.39285714285714,3,333,333,3.375,3.5,2.5,134.3875,"4등급"
"388","s294",3.38157894736842,3,333,333,3.36111111111111,3.5,2.6,134.390333333333,"4등급"
"389","s638",3.46969696969697,3,333,333,3,4.5,3.3,134.397,"4등급"
"390","s842",3.5,3,333,333,3.21052631578947,3.5,3.35714285714286,134.398157894737,"4등급"
"391","s897",3.19230769230769,3,333,333,3.1304347826087,4,3.25,134.399130434783,"4등급"
"392","s779",3.22916666666667,3,333,333,3.18181818181818,4,3.1,134.402545454545,"4등급"
"393","s1049",3.47058823529412,3,333,333,3.475,2.5,3.33333333333333,134.409166666667,"4등급"
"394","s723",3.51515151515152,3,333,333,3.28125,3.5,3.21428571428571,134.409375,"4등급"
"395","s1333",3.33333333333333,3,333,333,3.375,3,3.33333333333333,134.4125,"4등급"
"396","s391",3.21739130434783,3,333,333,2.94736842105263,4.5,3.7,134.417210526316,"4등급"
"397","s530",3.32352941176471,3,333,333,3.5,3.5,2.41666666666667,134.419166666667,"4등급"
"398","s952",3.0125,3,333,333,3.43478260869565,3.66666666666667,2.58333333333333,134.419879227053,"4등급"
"399","s455",3.4047619047619,3,333,333,3.10416666666667,4.5,3.22222222222222,134.42125,"4등급"
"400","s361",3.35365853658537,3,333,333,3.31481481481481,3.5,3.375,134.430694444444,"3등급"
"401","s507",3.15384615384615,3,333,333,3.44444444444444,3.5,2.85,134.432833333333,"3등급"
"402","s222",3.3,3,333,333,3.68421052631579,3.5,2,134.445263157895,"3등급"
"403","s88",3.22368421052632,3,333,333,3.325,3.5,3.5625,134.446875,"3등급"
"404","s790",3.44871794871795,3,333,333,3.42307692307692,3.5,3.14285714285714,134.446923076923,"3등급"
"405","s1027",3.33870967741935,3,333,333,3.67647058823529,2.25,3.2,134.446941176471,"3등급"
"406","s875",3.52631578947368,3,333,333,3.27083333333333,4.5,3,134.45125,"3등급"
"407","s509",3.5,3,333,333,3.52777777777778,3,3.25,134.453333333333,"3등급"
"408","s1329",3.54166666666667,3,333,333,3.25,3.5,4,134.455,"3등급"
"409","s1298",3.58928571428571,3,333,333,3.28571428571429,4,3.375,134.455714285714,"3등급"
"410","s1121",3.58333333333333,3,333,333,3.3125,3.5,3.875,134.465,"3등급"
"411","s715",3.56666666666667,3,333,333,3.41666666666667,3.5,3.4375,134.465625,"3등급"
"412","s760",3.47727272727273,3,333,333,3.13636363636364,4,4.1,134.468909090909,"3등급"
"413","s1327",3.5,3,333,333,3.28571428571429,4,3.625,134.475714285714,"3등급"
"414","s809",3.67948717948718,3,333,333,3.55263157894737,2.5,4.25,134.478289473684,"3등급"
"415","s293",3.46938775510204,3,333,333,3.23809523809524,3.75,4.1875,134.485491071429,"3등급"
"416","s1062",3.48387096774194,3,333,333,3.20588235294118,4.5,3.6,134.485764705882,"3등급"
"417","s432",3.53947368421053,3,333,333,3.43478260869565,3.5,3.66666666666667,134.487101449275,"3등급"
"418","s956",3.175,3,333,333,3.45238095238095,3.83333333333333,3.35714285714286,134.493095238095,"3등급"
"419","s496",3.43333333333333,3,333,333,3.64705882352941,3,3.42857142857143,134.499831932773,"3등급"
"420","s1129",3.44444444444444,3,333,333,3.5625,3.5,3.33333333333333,134.502083333333,"3등급"
"421","s148",3.47142857142857,3,333,333,3.47222222222222,4.25,3.11111111111111,134.506111111111,"3등급"
"422","s92",3.37179487179487,3,333,333,3.56818181818182,3.5,3.375,134.506704545455,"3등급"
"423","s727",3.64,3,333,333,3.5,3.5,3.7,134.509,"3등급"
"424","s838",3.53030303030303,3,333,333,3.21428571428571,4.5,3.85,134.510785714286,"3등급"
"425","s745",3.56410256410256,3,333,333,3.35294117647059,4.5,3.42857142857143,134.514453781513,"3등급"
"426","s799",3.79166666666667,3,333,333,3.65789473684211,3,3.64285714285714,134.515939849624,"3등급"
"427","s699",3.76315789473684,3,333,333,3.57894736842105,3.25,4,134.533684210526,"3등급"
"428","s468",3.61428571428571,3,333,333,3.52777777777778,3.75,4,134.558333333333,"3등급"
"429","s797",3.85,3,333,333,3.57142857142857,4,3.625,134.561428571429,"3등급"
"430","s676",3.61363636363636,3,333,333,3.64285714285714,4.5,3,134.562857142857,"3등급"
"431","s735",3.61290322580645,3,333,333,3.65625,4,3.33333333333333,134.563541666667,"3등급"
"432","s210",3.64864864864865,3,333,333,3.80555555555556,3,3.75,134.566666666667,"3등급"
"433","s531",3.71739130434783,3,333,333,3.55,4,3.78571428571429,134.567857142857,"3등급"
"434","s64",3.625,3,333,333,3.76315789473684,3.5,3.44444444444444,134.570058479532,"3등급"
"435","s1015",3.77083333333333,3,333,333,3.625,3.75,3.8,134.5725,"3등급"
"436","s701",3.66666666666667,3,333,333,3.71052631578947,3.5,3.72222222222222,134.573713450292,"3등급"
"437","s970",3.73684210526316,3,333,333,3.71428571428571,3.5,3.75,134.576785714286,"3등급"
"438","s448",3.67857142857143,3,333,333,3.64583333333333,3.75,3.88888888888889,134.585416666667,"3등급"
"439","s1068",3.53030303030303,3,333,333,3.6,4.5,3.5,134.595,"3등급"
"440","s602",3.64705882352941,3,333,333,3.5,4.5,3.85714285714286,134.597142857143,"3등급"
"441","s511",3.6304347826087,3,333,333,3.9,3.5,3.25,134.5975,"3등급"
"442","s416",3.75757575757576,3,333,333,3.84375,3.5,3.64285714285714,134.608125,"3등급"
"443","s1050",3.8,3,333,333,3.45,4.5,4.16666666666667,134.61,"3등급"
"444","s707",3.8452380952381,3,333,333,3.67391304347826,4,3.9375,134.617173913043,"3등급"
"445","s605",3.89473684210526,3,333,333,3.79545454545455,3.5,4,134.618636363636,"3등급"
"446","s183",3.8030303030303,3,333,333,3.72222222222222,4,3.83333333333333,134.623333333333,"3등급"
"447","s329",3.67142857142857,3,333,333,4.07142857142857,3.5,3.25,134.648928571429,"3등급"
"448","s201",3.6375,3,333,333,3.66666666666667,4.5,3.92857142857143,134.653571428571,"3등급"
"449","s620",3.73529411764706,3,333,333,3.58823529411765,4.5,4.21428571428571,134.655756302521,"3등급"
"450","s171",3.89189189189189,3,333,333,3.92105263157895,4.5,3.3,134.673315789474,"3등급"
"451","s483",3.97222222222222,3,333,333,3.95,3.5,4.125,134.67375,"3등급"
"452","s639",3.56944444444444,3,333,333,3.80434782608696,4.5,3.71428571428571,134.675590062112,"3등급"
"453","s737",3.86363636363636,3,333,333,4,3.75,3.9375,134.6953125,"3등급"
"454","s1138",3.94827586206897,3,333,333,4.02941176470588,4.25,4,134.748823529412,"3등급"
"455","s1287",3.07692307692308,3.5,389,333,2.58333333333333,3,2.625,139.7325,"3등급"
"456","s1463",3.11764705882353,3.5,389,333,2.58333333333333,2.5,3.375,139.74375,"3등급"
"457","s1142",3.10869565217391,3.5,389,333,2.68181818181818,3.5,3,139.814545454545,"3등급"
"458","s1100",3.015625,3.5,389,333,2.64705882352941,3.5,3.25,139.821617647059,"3등급"
"459","s1438",3.04166666666667,3.5,389,333,3,2.5,2.5,139.825,"3등급"
"460","s544",3.01612903225806,3.5,389,333,2.82142857142857,3,3.14285714285714,139.835,"3등급"
"461","s831",3.07407407407407,3.5,389,333,2.88888888888889,3,2.83333333333333,139.836666666667,"3등급"
"462","s1798",3.15384615384615,3.5,389,333,2.64285714285714,3.5,3.5,139.837857142857,"3등급"
"463","s1069",3.08333333333333,3.5,389,333,2.6875,3.5,3.375,139.8425,"3등급"
"464","s490",3.2027027027027,3.5,389,333,2.97058823529412,3,2.5625,139.844926470588,"3등급"
"465","s1505",3.28947368421053,3.5,389,333,2.6875,4,3,139.84625,"3등급"
"466","s1601",3.225,3.5,389,333,3,3,2.5,139.85,"3등급"
"467","s1621",3.09090909090909,3.5,389,333,3.16666666666667,3,1.75,139.855,"3등급"
"468","s564",3.1547619047619,3.5,389,333,3.02631578947368,2.5,2.94444444444444,139.855116959064,"3등급"
"469","s1362",3.25,3.5,389,333,3,2.5,3.16666666666667,139.858333333333,"3등급"
"470","s1000",3,3.5,389,333,3.03125,2.5,3,139.859375,"3등급"
"471","s514",3.01612903225806,3.5,389,333,2.96428571428571,3.25,2.71428571428571,139.865714285714,"3등급"
"472","s1344",3.38235294117647,3.5,389,333,3,3,2.83333333333333,139.87,"3등급"
"473","s1471",3.27083333333333,3.5,389,333,3,2.5,3.4,139.87,"3등급"
"474","s615",3.29268292682927,3.5,389,333,2.75,3.5,3.5,139.87,"3등급"
"475","s199",3.43478260869565,3.5,389,333,3.14583333333333,2,3.25,139.87375,"3등급"
"476","s336",3.02040816326531,3.5,389,333,2.90909090909091,4,2.55,139.876727272727,"3등급"
"477","s561",3.09615384615385,3.5,389,333,3,3.8,2.33333333333333,139.877333333333,"3등급"
"478","s1143",3.15277777777778,3.5,389,333,3,3.5,2.57142857142857,139.88,"3등급"
"479","s1401",3.11111111111111,3.5,389,333,2.875,3.5,3.125,139.88125,"3등급"
"480","s714",3.26086956521739,3.5,389,333,2.79166666666667,3.5,3.5,139.8825,"3등급"
"481","s204",3.32954545454545,3.5,389,333,2.89583333333333,3.75,2.94444444444444,139.889583333333,"3등급"
"482","s267",3.0875,3.5,389,333,3.05882352941176,4,2.21428571428571,139.894789915966,"3등급"
"483","s1006",3.1,3.5,389,333,3,3,3.25,139.895,"3등급"
"484","s1521",3.11111111111111,3.5,389,333,3.25,2,3,139.895,"3등급"
"485","s1429",3.18181818181818,3.5,389,333,3,3.66666666666667,2.66666666666667,139.895555555556,"3등급"
"486","s1334",3.12,3.5,389,333,3.15384615384615,2.5,3,139.896153846154,"3등급"
"487","s841",3.25,3.5,389,333,3.04166666666667,3,3.1,139.8985,"3등급"
"488","s498",3,3.5,389,333,3,3.5,2.92857142857143,139.905,"3등급"
"489","s1067",3.19444444444444,3.5,389,333,3.05555555555556,3.5,2.75,139.909166666667,"3등급"
"490","s1095",3,3.5,389,333,3.14285714285714,2.5,3.375,139.911607142857,"3등급"
"491","s1421",3.08333333333333,3.5,389,333,3.125,3.5,2.5,139.9125,"3등급"
"492","s751",3.234375,3.5,389,333,3.07894736842105,3.5,2.71428571428571,139.913684210526,"3등급"
"493","s1500",3.13888888888889,3.5,389,333,2.88888888888889,4.5,2.75,139.914166666667,"3등급"
"494","s939",3.36486486486486,3.5,389,333,2.96428571428571,3.33333333333333,3.4,139.915952380952,"3등급"
"495","s330",3.38888888888889,3.5,389,333,3,3.5,3.1,139.917,"3등급"
"496","s635",3.18965517241379,3.5,389,333,3,3.875,2.8,139.917,"3등급"
"497","s617",3.10810810810811,3.5,389,333,2.97368421052632,3.5,3.21428571428571,139.917105263158,"3등급"
"498","s1469",3.1875,3.5,389,333,3.08333333333333,3.5,2.75,139.9175,"3등급"
"499","s500",3.16666666666667,3.5,389,333,3.23214285714286,2.5,3,139.919642857143,"3등급"
"500","s741",3.19230769230769,3.5,389,333,3.16666666666667,3,2.83333333333333,139.92,"3등급"
"501","s734",3.1,3.5,389,333,3,3.5,3.16666666666667,139.921666666667,"3등급"
"502","s1441",3.16666666666667,3.5,389,333,3.125,3.5,2.66666666666667,139.924166666667,"3등급"
"503","s188",3.23333333333333,3.5,389,333,2.90740740740741,4,3.16666666666667,139.925555555556,"3등급"
"504","s861",3.11290322580645,3.5,389,333,3.1,3.5,2.8,139.926,"3등급"
"505","s1634",3.15625,3.5,389,333,3.35714285714286,2,3,139.927142857143,"3등급"
"506","s251",3.11538461538462,3.5,389,333,3.0625,3.5,3,139.92875,"3등급"
"507","s1638",3.20588235294118,3.5,389,333,3.14285714285714,3,3.16666666666667,139.932857142857,"3등급"
"508","s677",3.17647058823529,3.5,389,333,3.19444444444444,2.5,3.5,139.933333333333,"3등급"
"509","s410",3.24242424242424,3.5,389,333,3,3.5,3.35714285714286,139.935,"3등급"
"510","s1071",3.15625,3.5,389,333,3.14285714285714,3.5,2.75,139.935357142857,"3등급"
"511","s765",3.28205128205128,3.5,389,333,3.075,3.5,3.11111111111111,139.940277777778,"3등급"
"512","s857",3.26785714285714,3.5,389,333,3.28125,2.5,3.16666666666667,139.942708333333,"3등급"
"513","s781",3.34090909090909,3.5,389,333,3.09090909090909,3,3.6,139.943272727273,"3등급"
"514","s156",3.20731707317073,3.5,389,333,3.36363636363636,2,3.35714285714286,139.943376623377,"3등급"
"515","s1269",3.2,3.5,389,333,3.13888888888889,3.375,3,139.944166666667,"3등급"
"516","s1392",3.44,3.5,389,333,3.2,2.5,3.7,139.945,"3등급"
"517","s384",3.06818181818182,3.5,389,333,3.05555555555556,4,2.875,139.946666666667,"3등급"
"518","s526",3.33333333333333,3.5,389,333,3.3,2.5,3.16666666666667,139.948333333333,"3등급"
"519","s563",3.21590909090909,3.5,389,333,3.18181818181818,3.75,2.64285714285714,139.95275974026,"3등급"
"520","s1057",3.24,3.5,389,333,3.04166666666667,4.5,2.7,139.9555,"3등급"
"521","s473",3.2027027027027,3.5,389,333,3.33333333333333,2.5,3.11111111111111,139.955555555556,"3등급"
"522","s1117",3.20833333333333,3.5,389,333,3.03846153846154,3.5,3.5,139.956538461538,"3등급"
"523","s768",3.18965517241379,3.5,389,333,3.4,3.5,2,139.96,"3등급"
"524","s1424",3,3.5,389,333,3.25,3.5,2.66666666666667,139.961666666667,"3등급"
"525","s497",3.21666666666667,3.5,389,333,3.07692307692308,4.5,2.6875,139.964951923077,"3등급"
"526","s367",3.2093023255814,3.5,389,333,3.08333333333333,4,3,139.965,"3등급"
"527","s934",3.18333333333333,3.5,389,333,3.31818181818182,3.125,2.71428571428571,139.965097402597,"3등급"
"528","s480",3.18181818181818,3.5,389,333,2.9375,4.5,3.16666666666667,139.96625,"3등급"
"529","s1455",3.5,3.5,389,333,3.25,2.5,3.83333333333333,139.966666666667,"3등급"
"530","s224",3.25714285714286,3.5,389,333,3.28260869565217,3,3.08333333333333,139.969782608696,"3등급"
"531","s198",3.375,3.5,389,333,3.35714285714286,2.5,3.27777777777778,139.971031746032,"3등급"
"532","s965",3.25,3.5,389,333,3.13157894736842,4,2.91666666666667,139.972807017544,"3등급"
"533","s785",3.2741935483871,3.5,389,333,3.26666666666667,3,3.21428571428571,139.972857142857,"3등급"
"534","s303",3.13888888888889,3.5,389,333,3.16666666666667,3.5,3.1875,139.973125,"3등급"
"535","s1332",3.0625,3.5,389,333,3.41666666666667,3.5,2.125,139.97375,"3등급"
"536","s774",3.34090909090909,3.5,389,333,3.22727272727273,3,3.5,139.978181818182,"3등급"
"537","s1517",3.46,3.5,389,333,3.17857142857143,3,3.75,139.978571428571,"3등급"
"538","s808",3.22916666666667,3.5,389,333,3.46428571428571,3.5,2,139.979285714286,"3등급"
"539","s1378",3.0625,3.5,389,333,3.6,2.5,2,139.98,"3등급"
"540","s1508",3.03125,3.5,389,333,3,4,3.5,139.98,"3등급"
"541","s862",3.5,3.5,389,333,3.09090909090909,4,3.16666666666667,139.980606060606,"3등급"
"542","s522",3.18421052631579,3.5,389,333,3.19444444444444,3.5,3.1875,139.981458333333,"3등급"
"543","s1603",3.5,3.5,389,333,3.4,3.25,2.5,139.9825,"3등급"
"544","s1118",3.27272727272727,3.5,389,333,3.125,3.5,3.5,139.9825,"3등급"
"545","s79",3.60606060606061,3.5,389,333,3.34210526315789,3,3,139.982631578947,"3등급"
"546","s717",3.47368421052632,3.5,389,333,3.4,3,2.71428571428571,139.982857142857,"3등급"
"547","s98",3.3125,3.5,389,333,3.33333333333333,3.5,2.625,139.98375,"3등급"
"548","s778",3.17142857142857,3.5,389,333,3.2,3.75,3,139.985,"3등급"
"549","s1170",3.3125,3.5,389,333,3.03571428571429,4.5,3.1,139.989714285714,"3등급"
"550","s1625",3.44117647058824,3.5,389,333,3.07142857142857,3.5,3.83333333333333,139.989761904762,"3등급"
"551","s166",3.4,3.5,389,333,3.16666666666667,4,3,139.99,"3등급"
"552","s1627",3.47058823529412,3.5,389,333,3.21428571428571,4,2.83333333333333,139.990952380952,"3등급"
"553","s1397",3.02941176470588,3.5,389,333,3,4,3.66666666666667,139.993333333333,"3등급"
"554","s1361",3.04166666666667,3.5,389,333,3.375,2.5,3.66666666666667,139.995833333333,"3등급"
"555","s302",3.07692307692308,3.5,389,333,3.19047619047619,4,3,139.997142857143,"3등급"
"556","s321",3.23333333333333,3.5,389,333,3.28,3.75,2.85714285714286,139.998285714286,"3등급"
"557","s1161",3.20689655172414,3.5,389,333,3.14705882352941,4.5,2.83333333333333,139.999117647059,"3등급"
"558","s1357",3.09090909090909,3.5,389,333,3.375,3.5,2.66666666666667,139.999166666667,"3등급"
"559","s1349",3.4,3.5,389,333,3.1875,4,3.1,140.00425,"3등급"
"560","s342",3.37878787878788,3.5,389,333,3.26666666666667,4.5,2.5,140.005,"3등급"
"561","s829",3.04166666666667,3.5,389,333,3.625,2.5,2.375,140.00625,"3등급"
"562","s1433",3.27777777777778,3.5,389,333,3.375,3,3.25,140.0075,"3등급"
"563","s442",3.175,3.5,389,333,3.38095238095238,3,3.22222222222222,140.007619047619,"3등급"
"564","s1022",3.27083333333333,3.5,389,333,3.26923076923077,3.5,3.3,140.011769230769,"3등급"
"565","s1337",3.4,3.5,389,333,3.27272727272727,3.5,3.3,140.012818181818,"3등급"
"566","s537",3.484375,3.5,389,333,3.52941176470588,2.5,3.14285714285714,140.015966386555,"3등급"
"567","s1087",3.41379310344828,3.5,389,333,3.25,3.5,3.45454545454545,140.016818181818,"3등급"
"568","s487",3.18,3.5,389,333,3.41666666666667,3,3.2,140.017,"3등급"
"569","s452",3.28787878787879,3.5,389,333,3.34210526315789,3.5,3.08333333333333,140.018464912281,"3등급"
"570","s839",3.43103448275862,3.5,389,333,3.2,3.5,3.71428571428571,140.02,"3등급"
"571","s631",3.13953488372093,3.5,389,333,3.34090909090909,4,2.72222222222222,140.020050505051,"3등급"
"572","s1238",3.26785714285714,3.5,389,333,3.19230769230769,4.5,2.91666666666667,140.020192307692,"3등급"
"573","s366",3.45945945945946,3.5,389,333,3.44230769230769,2.5,3.75,140.020192307692,"3등급"
"574","s1486",3.29166666666667,3.5,389,333,3.125,4.5,3.16666666666667,140.0225,"3등급"
"575","s247",3.16666666666667,3.5,389,333,3.425,3.5,2.78571428571429,140.0225,"3등급"
"576","s122",3.3780487804878,3.5,389,333,3.57142857142857,2.5,3.07142857142857,140.025,"3등급"
"577","s1156",3.390625,3.5,389,333,3.44444444444444,3,3.2,140.025333333333,"3등급"
"578","s454",3.52,3.5,389,333,3.36363636363636,3.75,2.9,140.026590909091,"3등급"
"579","s1527",3.46,3.5,389,333,3.27272727272727,3.5,3.5,140.026818181818,"3등급"
"580","s1563",3.33333333333333,3.5,389,333,3.22727272727273,4.5,2.9,140.029181818182,"3등급"
"581","s132",3.16666666666667,3.5,389,333,3.2,4.5,3,140.03,"3등급"
"582","s592",3.45945945945946,3.5,389,333,3.13888888888889,4.5,3.21428571428571,140.030952380952,"3등급"
"583","s1476",3.58333333333333,3.5,389,333,3.5,2.5,3.66666666666667,140.033333333333,"3등급"
"584","s770",3.38888888888889,3.5,389,333,3.61111111111111,2.5,3,140.033333333333,"3등급"
"585","s552",3.34848484848485,3.5,389,333,3.44444444444444,3,3.35714285714286,140.034761904762,"3등급"
"586","s1481",3.1875,3.5,389,333,3.41666666666667,3.5,3,140.035,"3등급"
"587","s174",3.52222222222222,3.5,389,333,3.46153846153846,3.5,2.8125,140.035336538462,"3등급"
"588","s1158",3.37931034482759,3.5,389,333,3.44117647058824,3.5,2.9,140.035352941176,"3등급"
"589","s501",3.29166666666667,3.5,389,333,3.45833333333333,3.5,2.83333333333333,140.035833333333,"3등급"
"590","s926",3.453125,3.5,389,333,3.52941176470588,2.5,3.58333333333333,140.037990196078,"3등급"
"591","s1098",3.36,3.5,389,333,3.53571428571429,3.5,2.6,140.042714285714,"3등급"
"592","s606",3.24418604651163,3.5,389,333,3.4,3.5,3.22222222222222,140.045555555556,"3등급"
"593","s730",3.4047619047619,3.5,389,333,3.63636363636364,2.5,3.1,140.045909090909,"3등급"
"594","s1460",3,3.5,389,333,3.5,3.5,2.83333333333333,140.048333333333,"3등급"
"595","s1010",3.23333333333333,3.5,389,333,3.47058823529412,4.5,2.33333333333333,140.051176470588,"3등급"
"596","s457",3.29166666666667,3.5,389,333,3.53846153846154,3,3.2,140.053538461538,"3등급"
"597","s1514",3.56,3.5,389,333,3.45833333333333,3,3.66666666666667,140.0575,"3등급"
"598","s234",3.33333333333333,3.5,389,333,3.25,4.5,3.16666666666667,140.06,"3등급"
"599","s1403",3.33333333333333,3.5,389,333,3.75,2.5,2.8,140.065,"3등급"
"600","s1381",3.54166666666667,3.5,389,333,3.25,3.5,4.2,140.069,"2등급"
"601","s1102",3.5,3.5,389,333,3.6,2.5,3.83333333333333,140.071666666667,"2등급"
"602","s1355",3.45833333333333,3.5,389,333,3.5,3.5,3.16666666666667,140.071666666667,"2등급"
"603","s786",3.43103448275862,3.5,389,333,3.46875,3.5,3.33333333333333,140.073958333333,"2등급"
"604","s1572",3.68421052631579,3.5,389,333,3.5,3,3.75,140.075,"2등급"
"605","s1917",3.54166666666667,3.5,389,333,3.5,2.5,4.5,140.075,"2등급"
"606","s492",3.23529411764706,3.5,389,333,3.75,3,2.5,140.075,"2등급"
"607","s68",3.5625,3.5,389,333,3.54761904761905,3.25,3.25,140.075535714286,"2등급"
"608","s553",3.48529411764706,3.5,389,333,3.38888888888889,3.5,3.71428571428571,140.076666666667,"2등급"
"609","s85",3.66666666666667,3.5,389,333,3.52777777777778,3,3.64285714285714,140.076904761905,"2등급"
"610","s1507",3.71739130434783,3.5,389,333,3.59090909090909,3,3.33333333333333,140.077272727273,"2등급"
"611","s1043",3.5,3.5,389,333,3.5,3.5,3.25,140.0775,"2등급"
"612","s1448",3.04166666666667,3.5,389,333,3.625,2.5,3.83333333333333,140.079166666667,"2등급"
"613","s179",3.46969696969697,3.5,389,333,3.5,3.5,3.28571428571429,140.08,"2등급"
"614","s1116",3.31481481481481,3.5,389,333,3.42307692307692,3.5,3.625,140.080673076923,"2등급"
"615","s151",3.5,3.5,389,333,3.25,4,3.83333333333333,140.081666666667,"2등급"
"616","s1157",3.54054054054054,3.5,389,333,3.34210526315789,4,3.5,140.082631578947,"2등급"
"617","s942",3.25862068965517,3.5,389,333,3.29166666666667,4.5,3.28571428571429,140.083214285714,"2등급"
"618","s307",3.63095238095238,3.5,389,333,3.39473684210526,3.5,3.83333333333333,140.086754385965,"2등급"
"619","s1343",3.54166666666667,3.5,389,333,3.375,3.5,4,140.0925,"2등급"
"620","s772",3.53333333333333,3.5,389,333,3.46666666666667,3.5,3.64285714285714,140.095,"2등급"
"621","s289",3.61627906976744,3.5,389,333,3.40909090909091,3.5,3.94444444444444,140.098838383838,"2등급"
"622","s860",3.56578947368421,3.5,389,333,3.23809523809524,4.5,3.64285714285714,140.099285714286,"2등급"
"623","s533",3.19047619047619,3.5,389,333,3.38636363636364,4,3.5625,140.100909090909,"2등급"
"624","s955",3.85,3.5,389,333,3.68181818181818,2.5,3.92857142857143,140.100974025974,"2등급"
"625","s1387",3.38,3.5,389,333,3.6,3.5,3.2,140.104,"2등급"
"626","s1519",3.52083333333333,3.5,389,333,3.45833333333333,4,3.33333333333333,140.104166666667,"2등급"
"627","s1120",3.25,3.5,389,333,3.65,3.5,3,140.105,"2등급"
"628","s1165",3.47619047619048,3.5,389,333,3.68181818181818,3.5,2.875,140.105795454545,"2등급"
"629","s1359",3.41666666666667,3.5,389,333,3.5,3.5,3.66666666666667,140.106666666667,"2등급"
"630","s1450",3.64285714285714,3.5,389,333,3.5,4,3.25,140.11,"2등급"
"631","s400",3.35294117647059,3.5,389,333,3.59375,3.5,3.3125,140.11,"2등급"
"632","s613",3.48529411764706,3.5,389,333,3.53571428571429,3.5,3.5625,140.110089285714,"2등급"
"633","s1167",3.475,3.5,389,333,3.55555555555556,3.5,3.5,140.111666666667,"2등급"
"634","s594",3.61428571428571,3.5,389,333,3.40625,4.375,3.3125,140.11171875,"2등급"
"635","s1336",3.63333333333333,3.5,389,333,3.375,4.5,3.33333333333333,140.1125,"2등급"
"636","s152",3.30232558139535,3.5,389,333,3.58,3.5,3.41666666666667,140.113166666667,"2등급"
"637","s1012",3.55263157894737,3.5,389,333,3.45,4.5,3.1,140.114,"2등급"
"638","s1096",3.54347826086957,3.5,389,333,3.5,4,3.3,140.114,"2등급"
"639","s944",3.61538461538462,3.5,389,333,3.39583333333333,4.5,3.3,140.11575,"2등급"
"640","s555",3.5,3.5,389,333,3.71052631578947,3.5,2.9,140.116157894737,"2등급"
"641","s1352",3.7,3.5,389,333,3.6,3.5,3.4,140.118,"2등급"
"642","s1406",3.38,3.5,389,333,3.46428571428571,4.5,3.1,140.118285714286,"2등급"
"643","s963",3.59210526315789,3.5,389,333,3.69444444444444,4.16666666666667,2.6,140.125,"2등급"
"644","s949",3.43589743589744,3.5,389,333,3.375,4,3.91666666666667,140.125833333333,"2등급"
"645","s377",3.55,3.5,389,333,3.52631578947368,4.5,3,140.127894736842,"2등급"
"646","s1380",3.60869565217391,3.5,389,333,3.7,3.5,3.125,140.12875,"2등급"
"647","s1640",3.73333333333333,3.5,389,333,3.5,3.5,4,140.13,"2등급"
"648","s1064",3.60526315789474,3.5,389,333,3.72222222222222,2.5,4.375,140.135416666667,"2등급"
"649","s488",3.8695652173913,3.5,389,333,3.5,4,3.58333333333333,140.136666666667,"2등급"
"650","s1408",3.6,3.5,389,333,3.54166666666667,4.5,3.1,140.1415,"2등급"
"651","s90",3.3448275862069,3.5,389,333,3.47368421052632,3.75,4,140.142105263158,"2등급"
"652","s528",3.5875,3.5,389,333,3.63157894736842,3.5,3.61111111111111,140.142251461988,"2등급"
"653","s1522",3.71052631578947,3.5,389,333,3.5,4,3.66666666666667,140.143333333333,"2등급"
"654","s287",3.63636363636364,3.5,389,333,3.5,4,3.6875,140.145,"2등급"
"655","s766",3.60810810810811,3.5,389,333,3.57142857142857,4,3.42857142857143,140.145714285714,"2등급"
"656","s758",3.68604651162791,3.5,389,333,3.53571428571429,3.75,3.8125,140.146651785714,"2등급"
"657","s423",3.53571428571429,3.5,389,333,3.72222222222222,3,3.83333333333333,140.146666666667,"2등급"
"658","s1504",3.56521739130435,3.5,389,333,3.69230769230769,3,4,140.147692307692,"2등급"
"659","s672",3.93421052631579,3.5,389,333,3.5,3.75,4,140.15,"2등급"
"660","s1467",3.70833333333333,3.5,389,333,3.625,3.5,3.83333333333333,140.155833333333,"2등급"
"661","s1631",3.5,3.5,389,333,3.57142857142857,4.5,3.16666666666667,140.156428571429,"2등급"
"662","s386",3.43181818181818,3.5,389,333,3.325,4.5,4,140.1575,"2등급"
"663","s1007",3.41304347826087,3.5,389,333,3.9375,3,3,140.16125,"2등급"
"664","s546",3.5,3.5,389,333,3.68421052631579,4.5,2.85714285714286,140.162406015038,"2등급"
"665","s681",3.70833333333333,3.5,389,333,3.64285714285714,4.5,3,140.162857142857,"2등급"
"666","s1128",3.61428571428571,3.5,389,333,3.5,4.5,3.5,140.165,"2등급"
"667","s437",3.43103448275862,3.5,389,333,3.8,3,3.75,140.165,"2등급"
"668","s520",3.59722222222222,3.5,389,333,3.71428571428571,3.5,3.61111111111111,140.167063492064,"2등급"
"669","s1377",3.70454545454545,3.5,389,333,3.90909090909091,3.5,2.875,140.173977272727,"2등급"
"670","s1136",3.57692307692308,3.5,389,333,3.96428571428571,2.5,3.7,140.174285714286,"2등급"
"671","s1379",3.64583333333333,3.5,389,333,3.79166666666667,3.5,3.4,140.1755,"2등급"
"672","s551",3.61538461538462,3.5,389,333,3.54166666666667,4,3.91666666666667,140.175833333333,"2등급"
"673","s1607",3.80952380952381,3.5,389,333,3.55,4.5,3.5,140.18,"2등급"
"674","s720",3.76785714285714,3.5,389,333,3.58823529411765,4.5,3.375,140.180220588235,"2등급"
"675","s1073",3.69354838709677,3.5,389,333,3.46666666666667,4.5,3.78571428571429,140.180714285714,"2등급"
"676","s1107",3.38888888888889,3.5,389,333,3.44444444444444,4.5,3.875,140.182083333333,"2등급"
"677","s711",3.79411764705882,3.5,389,333,3.71875,3.5,3.83333333333333,140.183958333333,"2등급"
"678","s1335",3.65217391304348,3.5,389,333,3.81818181818182,4.5,2.66666666666667,140.185454545455,"2등급"
"679","s1131",3.63888888888889,3.5,389,333,3.61904761904762,4.5,3.41666666666667,140.193214285714,"2등급"
"680","s959",3.59459459459459,3.5,389,333,3.6304347826087,4.25,3.58333333333333,140.193713768116,"2등급"
"681","s1340",3.79166666666667,3.5,389,333,3.5,4.5,3.83333333333333,140.195,"2등급"
"682","s1232",3.68333333333333,3.5,389,333,3.75,3.5,3.875,140.19625,"2등급"
"683","s610",3.625,3.5,389,333,3.7,4.25,3.41666666666667,140.200416666667,"2등급"
"684","s207",3.55128205128205,3.5,389,333,3.73684210526316,4,3.5,140.201052631579,"2등급"
"685","s851",3.88157894736842,3.5,389,333,3.66666666666667,3.5,4.35714285714286,140.205,"2등급"
"686","s504",3.75581395348837,3.5,389,333,3.5,4.5,3.95,140.2055,"2등급"
"687","s470",3.67567567567568,3.5,389,333,3.675,4.5,3.375,140.20625,"2등급"
"688","s987",3.71428571428571,3.5,389,333,3.64285714285714,4.5,3.5,140.207857142857,"2등급"
"689","s1083",3.47619047619048,3.5,389,333,3.66666666666667,4.5,3.5,140.215,"2등급"
"690","s1464",3.78947368421053,3.5,389,333,3.9375,3.5,3.375,140.2175,"2등급"
"691","s482",3.67567567567568,3.5,389,333,3.67391304347826,4.5,3.5625,140.222798913043,"2등급"
"692","s953",3.64516129032258,3.5,389,333,3.76666666666667,4.5,3.3,140.227,"2등급"
"693","s221",3.65789473684211,3.5,389,333,3.89130434782609,3.5,3.75,140.229891304348,"2등급"
"694","s278",3.825,3.5,389,333,3.92857142857143,3.5,3.71428571428571,140.238571428571,"2등급"
"695","s1061",3.75862068965517,3.5,389,333,3.93333333333333,4.5,2.9,140.241,"2등급"
"696","s1511",3.94444444444444,3.5,389,333,3.8125,3.5,4.25,140.24125,"2등급"
"697","s708",3.9,3.5,389,333,3.925,3.5,3.8125,140.244375,"2등급"
"698","s1244",3.75,3.5,389,333,3.66666666666667,4.5,3.85714285714286,140.247142857143,"2등급"
"699","s1153",3.88709677419355,3.5,389,333,3.83333333333333,3.5,4.25,140.2475,"2등급"
"700","s852",3.94736842105263,3.5,389,333,3.875,3.5,4.125,140.25125,"2등급"
"701","s1084",3.74358974358974,3.5,389,333,3.9047619047619,3.66666666666667,3.83333333333333,140.25253968254,"2등급"
"702","s175",3.86046511627907,3.5,389,333,3.85714285714286,4,3.78571428571429,140.26,"2등급"
"703","s1045",3.78378378378378,3.5,389,333,3.8,4.5,3.58333333333333,140.2625,"2등급"
"704","s75",3.60227272727273,3.5,389,333,3.88095238095238,4.25,3.55555555555556,140.266507936508,"2등급"
"705","s161",3.89189189189189,3.5,389,333,4,3.5,3.83333333333333,140.268333333333,"2등급"
"706","s837",3.84285714285714,3.5,389,333,4.025,3.5,3.875,140.27875,"2등급"
"707","s1389",3.84615384615385,3.5,389,333,3.875,4.5,3.66666666666667,140.2925,"2등급"
"708","s1060",3.87142857142857,3.5,389,333,3.825,4.5,3.91666666666667,140.3,"2등급"
"709","s484",3.93103448275862,3.5,389,333,3.95454545454545,4,4,140.306363636364,"2등급"
"710","s469",3.94318181818182,3.5,389,333,3.95238095238095,4.25,3.77777777777778,140.306825396825,"2등급"
"711","s855",3.92,3.5,389,333,3.85714285714286,4.5,4,140.317142857143,"2등급"
"712","s95",3.88571428571429,3.5,389,333,3.96153846153846,4.5,3.66666666666667,140.318461538462,"2등급"
"713","s414",3.92424242424242,3.5,389,333,3.94444444444444,4.5,3.85714285714286,140.330476190476,"2등급"
"714","s1154",3.96969696969697,3.5,389,333,4.11111111111111,3.5,4.25,140.330833333333,"2등급"
"715","s547",3.95454545454545,3.5,389,333,4.19565217391304,4.5,4.125,140.429945652174,"2등급"
"716","s618",3.10606060606061,4,444,333,2.72222222222222,3,3.35714285714286,145.318095238095,"2등급"
"717","s124",3.09090909090909,4,444,333,3.02083333333333,2.5,2.77777777777778,145.345138888889,"2등급"
"718","s510",3.08695652173913,4,444,333,3.11111111111111,2.5,2.5,145.358333333333,"2등급"
"719","s373",3.10869565217391,4,444,333,3,3.5,2.5,145.375,"2등급"
"720","s554",3.19230769230769,4,444,333,2.92307692307692,3,3.34375,145.377548076923,"2등급"
"721","s130",3.10294117647059,4,444,333,2.875,4.5,2.5,145.3875,"2등급"
"722","s800",3.14516129032258,4,444,333,3.16666666666667,3,2.41666666666667,145.395,"2등급"
"723","s856",3.21739130434783,4,444,333,3.05,3.5,2.7,145.404,"2등급"
"724","s1466",3.04545454545455,4,444,333,3.125,2.5,3.5,145.4125,"2등급"
"725","s97",3.04878048780488,4,444,333,3,3.5,3.05555555555556,145.413888888889,"2등급"
"726","s951",3.18888888888889,4,444,333,3.1,3.3,2.92857142857143,145.423285714286,"2등급"
"727","s938",3.07317073170732,4,444,333,3.23913043478261,3.75,2.08333333333333,145.427989130435,"2등급"
"728","s645",3.20731707317073,4,444,333,3.38888888888889,2.5,2.375,145.435416666667,"2등급"
"729","s997",3.14705882352941,4,444,333,3.23076923076923,3.5,2.5,145.444230769231,"2등급"
"730","s984",3.13333333333333,4,444,333,3.09090909090909,3.5,3.125,145.446022727273,"2등급"
"731","s235",3.10227272727273,4,444,333,3.17307692307692,3.5,2.92857142857143,145.456923076923,"2등급"
"732","s1044",3.53846153846154,4,444,333,3,3.5,3.75,145.4625,"2등급"
"733","s418",3.26785714285714,4,444,333,3.21428571428571,3.5,2.83333333333333,145.462619047619,"2등급"
"734","s1411",3.1875,4,444,333,3.35,2.5,3.6,145.485,"2등급"
"735","s948",3.08974358974359,4,444,333,3.275,3.5,2.91666666666667,145.486666666667,"2등급"
"736","s491",3.34,4,444,333,3.375,2.5,3.58333333333333,145.491666666667,"2등급"
"737","s1416",3.1304347826087,4,444,333,3.27272727272727,3.5,3,145.491818181818,"2등급"
"738","s143",3.21590909090909,4,444,333,3.45652173913043,3,2.61111111111111,145.493623188406,"2등급"
"739","s1412",3.02777777777778,4,444,333,3.58333333333333,3,2,145.495,"2등급"
"740","s532",3.23611111111111,4,444,333,3.14705882352941,4,3.14285714285714,145.495546218487,"2등급"
"741","s971",3.24390243902439,4,444,333,3.325,3,3.4,145.5015,"2등급"
"742","s1475",3.3125,4,444,333,3.29166666666667,3.5,3.1,145.5045,"2등급"
"743","s573",3.14864864864865,4,444,333,3.38888888888889,3.5,2.7,145.505666666667,"2등급"
"744","s1449",3.25,4,444,333,3.25,3.5,3.33333333333333,145.508333333333,"2등급"
"745","s1499",3.29166666666667,4,444,333,3.5,2.5,3.25,145.5125,"2등급"
"746","s1055",3.07894736842105,4,444,333,3.54545454545455,2.5,3,145.513636363636,"2등급"
"747","s147",3.46153846153846,4,444,333,3.34090909090909,3.5,3.0625,145.516647727273,"2등급"
"748","s726",3.06666666666667,4,444,333,3.35714285714286,3.5,3,145.517142857143,"2등급"
"749","s1496",3.34,4,444,333,3.36363636363636,3,3.5,145.519090909091,"2등급"
"750","s833",3.43103448275862,4,444,333,3.15,3.5,3.92857142857143,145.52,"2등급"
"751","s1250",3.34090909090909,4,444,333,3.5,3.5,2.5,145.525,"2등급"
"752","s275",3.35869565217391,4,444,333,3.33333333333333,3.25,3.5,145.5275,"2등급"
"753","s513",3.20454545454545,4,444,333,3.38636363636364,3.5,3.0625,145.530284090909,"2등급"
"754","s973",3.71621621621622,4,444,333,3.42105263157895,2.5,4.08333333333333,145.53048245614,"2등급"
"755","s320",3.32894736842105,4,444,333,3.33333333333333,3.5,3.3125,145.531875,"2등급"
"756","s1415",3.41666666666667,4,444,333,3.32142857142857,3.5,3.4,145.534428571429,"2등급"
"757","s125",3.36842105263158,4,444,333,3.47619047619048,3,3.21428571428571,145.535714285714,"2등급"
"758","s819",3.41071428571429,4,444,333,3.42307692307692,3.5,3,145.536923076923,"2등급"
"759","s753",3.40540540540541,4,444,333,3.4,4.5,2.5,145.545,"2등급"
"760","s136",3.55,4,444,333,3.64285714285714,2.5,3.125,145.549107142857,"2등급"
"761","s164",3.41666666666667,4,444,333,3.25,3.5,4,145.555,"2등급"
"762","s703",3.37931034482759,4,444,333,3.38461538461538,3.5,3.64285714285714,145.570384615385,"2등급"
"763","s608",3.546875,4,444,333,3.52941176470588,3.5,3.1,145.575823529412,"2등급"
"764","s419",3.55714285714286,4,444,333,3.55882352941176,3.5,3,145.577647058824,"2등급"
"765","s822",3.63513513513514,4,444,333,3.64285714285714,3,3.08333333333333,145.577857142857,"2등급"
"766","s1054",3.38235294117647,4,444,333,3.4,4.5,2.875,145.57875,"2등급"
"767","s1020",3.46774193548387,4,444,333,3.58823529411765,3.5,2.91666666666667,145.580637254902,"2등급"
"768","s131",3.27272727272727,4,444,333,3.58823529411765,3.5,2.91666666666667,145.580637254902,"2등급"
"769","s947",3.44318181818182,4,444,333,3.2,4.5,3.57142857142857,145.581428571429,"2등급"
"770","s1396",3.43478260869565,4,444,333,3.59090909090909,3,3.5,145.587272727273,"2등급"
"771","s422",3.58695652173913,4,444,333,3.5,3.75,3.22222222222222,145.591666666667,"2등급"
"772","s1610",3.52380952380952,4,444,333,3.31818181818182,4,3.75,145.595454545455,"2등급"
"773","s1037",3.41176470588235,4,444,333,3.45,3.5,3.75,145.5975,"2등급"
"774","s920",3.29310344827586,4,444,333,3.64285714285714,3.66666666666667,2.9,145.605523809524,"2등급"
"775","s109",3.33333333333333,4,444,333,3.66666666666667,3,3.5,145.61,"2등급"
"776","s1513",3.47222222222222,4,444,333,3.5,3.5,3.75,145.6125,"2등급"
"777","s1373",3.60714285714286,4,444,333,3.5,4,3.3125,145.615,"2등급"
"778","s434",3.53448275862069,4,444,333,3.61111111111111,3,4,145.623333333333,"2등급"
"779","s622",3.18292682926829,4,444,333,3.69047619047619,3.75,2.88888888888889,145.62380952381,"2등급"
"780","s1426",3.25,4,444,333,3.875,3.5,2.33333333333333,145.625833333333,"2등급"
"781","s1111",3.62162162162162,4,444,333,3.45652173913043,3.5,4.14285714285714,145.626956521739,"2등급"
"782","s773",3.609375,4,444,333,3.73529411764706,3.5,3,145.630588235294,"2등급"
"783","s1451",3.375,4,444,333,4,2,3.33333333333333,145.633333333333,"2등급"
"784","s1506",3.42,4,444,333,3.79166666666667,3,3.33333333333333,145.6375,"2등급"
"785","s133",3.60294117647059,4,444,333,3.71739130434783,3.75,3,145.640217391304,"2등급"
"786","s803",3.56896551724138,4,444,333,3.60714285714286,3.5,3.7,145.641142857143,"2등급"
"787","s467",3.73809523809524,4,444,333,3.91666666666667,3,2.83333333333333,145.645,"2등급"
"788","s463",3.5375,4,444,333,3.65789473684211,4,3.125,145.647368421053,"2등급"
"789","s1126",3.26785714285714,4,444,333,3.88235294117647,4,2.3,145.648705882353,"2등급"
"790","s453",3.66216216216216,4,444,333,3.725,3.5,3.33333333333333,145.650833333333,"2등급"
"791","s1611",3.95454545454545,4,444,333,3.5,3.5,4.4,145.658,"2등급"
"792","s1462",3.60526315789474,4,444,333,3.625,3.5,3.875,145.65875,"2등급"
"793","s1539",3.43478260869565,4,444,333,3.65,4,3.3,145.659,"2등급"
"794","s476",3.61363636363636,4,444,333,3.45454545454545,4.5,3.625,145.662613636364,"2등급"
"795","s288",3.5,4,444,333,4.02941176470588,3.5,2.22222222222222,145.664379084967,"2등급"
"796","s312",3.4875,4,444,333,3.5952380952381,4,3.58333333333333,145.665238095238,"2등급"
"797","s759",3.625,4,444,333,4,2.5,3.41666666666667,145.670833333333,"2등급"
"798","s202",3.57692307692308,4,444,333,3.73809523809524,4,3.125,145.671428571429,"2등급"
"799","s775",3.734375,4,444,333,3.88235294117647,2.5,4.16666666666667,145.673039215686,"2등급"
"800","s102",3.56818181818182,4,444,333,3.73809523809524,3,4.25,145.676428571429,"1등급"
"801","s582",3.8,4,444,333,3.75,3.5,3.625,145.67875,"1등급"
"802","s185",3.68333333333333,4,444,333,3.97058823529412,3.5,2.8,145.687176470588,"1등급"
"803","s458",3.63235294117647,4,444,333,3.70588235294118,3.5,4,145.691764705882,"1등급"
"804","s1363",3.875,4,444,333,3.75,3.5,3.83333333333333,145.693333333333,"1등급"
"805","s1079",3.75,4,444,333,3.88888888888889,3.5,3.25,145.694166666667,"1등급"
"806","s1461",3.59090909090909,4,444,333,3.5,4.5,3.83333333333333,145.695,"1등급"
"807","s412",3.56666666666667,4,444,333,4.14285714285714,2.5,3.08333333333333,145.697023809524,"1등급"
"808","s315",3.75,4,444,333,3.94,3,3.63636363636364,145.700181818182,"1등급"
"809","s197",3.6875,4,444,333,3.76086956521739,3.5,3.88888888888889,145.700483091787,"1등급"
"810","s1296",3.875,4,444,333,3.875,4,3,145.7025,"1등급"
"811","s145",3.53846153846154,4,444,333,3.73913043478261,4.5,3.38888888888889,145.726739130435,"1등급"
"812","s139",3.77142857142857,4,444,333,3.73076923076923,4.5,3.42857142857143,145.727802197802,"1등급"
"813","s74",3.73076923076923,4,444,333,3.97826086956522,3.5,3.38888888888889,145.730700483092,"1등급"
"814","s1370",3.71739130434783,4,444,333,3.7,4.5,3.6,145.734,"1등급"
"815","s912",3.875,4,444,333,3.92,3.5,3.71428571428571,145.736,"1등급"
"816","s208",3.796875,4,444,333,3.89473684210526,3.75,3.57142857142857,145.736278195489,"1등급"
"817","s153",3.8452380952381,4,444,333,3.86538461538462,3.5,4,145.739615384615,"1등급"
"818","s516",3.70833333333333,4,444,333,3.80952380952381,4.5,3.3125,145.740982142857,"1등급"
"819","s1402",3.5,4,444,333,3.875,4.5,3.16666666666667,145.7475,"1등급"
"820","s77",3.86111111111111,4,444,333,4.02777777777778,4,3,145.748333333333,"1등급"
"821","s319",3.73809523809524,4,444,333,3.76923076923077,4.5,3.66666666666667,145.760769230769,"1등급"
"822","s192",3.64864864864865,4,444,333,3.76470588235294,4,4.16666666666667,145.762745098039,"1등급"
"823","s82",3.45833333333333,4,444,333,4.125,3.5,3.25,145.765,"1등급"
"824","s1211",3.61290322580645,4,444,333,3.73529411764706,4.5,3.83333333333333,145.765588235294,"1등급"
"825","s81",3.58333333333333,4,444,333,3.9047619047619,4,3.75,145.771428571429,"1등급"
"826","s1635",3.79411764705882,4,444,333,4,4.5,3.125,145.78125,"1등급"
"827","s322",3.89705882352941,4,444,333,3.80555555555556,4.5,3.78571428571429,145.782380952381,"1등급"
"828","s134",3.80952380952381,4,444,333,4.02083333333333,3.75,3.8125,145.7921875,"1등급"
"829","s1151",3.75,4,444,333,3.77777777777778,4.5,4,145.793333333333,"1등급"
"830","s1328",3.5,4,444,333,4.125,3.5,3.66666666666667,145.794166666667,"1등급"
"831","s1477",3.66666666666667,4,444,333,4.25,4,2.83333333333333,145.801666666667,"1등급"
"832","s1066",3.98529411764706,4,444,333,4.22222222222222,4.5,2.625,145.802916666667,"1등급"
"833","s1472",3.93478260869565,4,444,333,4.1,3.5,3.9,145.803,"1등급"
"834","s280",3.79761904761905,4,444,333,3.81818181818182,4.5,4,145.805454545455,"1등급"
"835","s1152",3.87096774193548,4,444,333,3.86666666666667,4.5,4,145.82,"1등급"
"836","s493",3.8974358974359,4,444,333,4.05263157894737,4.5,3.44444444444444,145.825789473684,"1등급"
"837","s1089",3.95161290322581,4,444,333,4.20588235294118,3.5,3.9,145.834764705882,"1등급"
"838","s1023",3.97222222222222,4,444,333,4,4.5,4.5,145.905,"1등급"
"839","s558",3.1063829787234,4.5,500,333,2.69565217391304,3.5,2.5,150.883695652174,"1등급"
"840","s1003",3.02941176470588,4.5,500,333,3,3,2.5,150.95,"1등급"
"841","s420",3.09375,4.5,500,333,2.95454545454545,3.5,3,150.996363636364,"1등급"
"842","s383",3.21428571428571,4.5,500,333,3.46153846153846,3.5,1,151.008461538462,"1등급"
"843","s160",3.15714285714286,4.5,500,333,3.2,2.5,3.6,151.04,"1등급"
"844","s474",3.109375,4.5,500,333,3.1,3.5,3,151.04,"1등급"
"845","s556",3.07317073170732,4.5,500,333,3.18421052631579,3.5,2.64285714285714,151.040263157895,"1등급"
"846","s129",3.34722222222222,4.5,500,333,3.26315789473684,2.5,3.25,151.041447368421,"1등급"
"847","s177",3.1025641025641,4.5,500,333,3.35714285714286,2.5,2.75,151.044642857143,"1등급"
"848","s426",3.03409090909091,4.5,500,333,3.1304347826087,3.5,3.05555555555556,151.053019323671,"1등급"
"849","s449",3.11666666666667,4.5,500,333,3.33333333333333,3,2.75,151.065,"1등급"
"850","s471",3.03225806451613,4.5,500,333,3.59090909090909,3.5,1.375,151.073522727273,"1등급"
"851","s127",3.10227272727273,4.5,500,333,3.24,3.75,2.72222222222222,151.076166666667,"1등급"
"852","s686",3.31818181818182,4.5,500,333,3.22222222222222,4.5,2.5,151.091666666667,"1등급"
"853","s589",3.25,4.5,500,333,3.46428571428571,2,4.2,151.107285714286,"1등급"
"854","s478",3.296875,4.5,500,333,3.30555555555556,4,2.7,151.107666666667,"1등급"
"855","s447",3.09090909090909,4.5,500,333,3.5,4,2,151.11,"1등급"
"856","s709",3.31818181818182,4.5,500,333,3.375,3.5,2.91666666666667,151.116666666667,"1등급"
"857","s461",3.140625,4.5,500,333,3.53125,3,2.71428571428571,151.122232142857,"1등급"
"858","s1113",3.24,4.5,500,333,3.46666666666667,3.5,2.625,151.12375,"1등급"
"859","s1105",3.4,4.5,500,333,3.5625,2.5,3.16666666666667,151.127083333333,"1등급"
"860","s1013",3.40277777777778,4.5,500,333,3.15,4.5,3.1875,151.131875,"1등급"
"861","s607",3.44565217391304,4.5,500,333,3.60416666666667,3.25,2.35714285714286,151.134464285714,"1등급"
"862","s747",3.10869565217391,4.5,500,333,3.27272727272727,4.5,2.83333333333333,151.136818181818,"1등급"
"863","s328",3.37209302325581,4.5,500,333,3.17857142857143,4,3.5625,151.138571428571,"1등급"
"864","s2554",3.33333333333333,4.5,500,333,3.5,3,3.25,151.145,"1등급"
"865","s518",3.25,4.5,500,333,3.58823529411765,3,2.9,151.150470588235,"1등급"
"866","s1059",3.390625,4.5,500,333,3.53125,3.5,2.8,151.155375,"1등급"
"867","s380",3.52272727272727,4.5,500,333,3.44,4.5,2.5,151.157,"1등급"
"868","s1445",3.20833333333333,4.5,500,333,3.75,2.5,2.66666666666667,151.158333333333,"1등급"
"869","s1453",3.52,4.5,500,333,3.6,2.5,3.7,151.165,"1등급"
"870","s270",3.16279069767442,4.5,500,333,3.46428571428571,4,2.83333333333333,151.165952380952,"1등급"
"871","s408",3.52,4.5,500,333,3.66666666666667,2.5,3.4,151.17,"1등급"
"872","s1125",3.36,4.5,500,333,3.625,3.5,2.625,151.17125,"1등급"
"873","s1366",3.29166666666667,4.5,500,333,3.54166666666667,3.5,3,151.1725,"1등급"
"874","s710",3.41666666666667,4.5,500,333,3.53333333333333,3,3.57142857142857,151.174285714286,"1등급"
"875","s1014",3.28571428571429,4.5,500,333,3.72727272727273,2.5,3.25,151.180681818182,"1등급"
"876","s1348",3.15625,4.5,500,333,3.71428571428571,2.5,3.33333333333333,151.180952380952,"1등급"
"877","s296",3.21794871794872,4.5,500,333,3.6304347826087,3,3.3,151.187130434783,"1등급"
"878","s960",3.625,4.5,500,333,3.73529411764706,3,2.8,151.188588235294,"1등급"
"879","s705",3.20454545454545,4.5,500,333,3.83333333333333,3.5,2,151.19,"1등급"
"880","s440",3.45945945945946,4.5,500,333,3.69047619047619,3.25,2.92857142857143,151.1975,"1등급"
"881","s702",3.30769230769231,4.5,500,333,3.61538461538462,4,2.66666666666667,151.197948717949,"1등급"
"882","s1163",3.14,4.5,500,333,3.73333333333333,3,3,151.2,"1등급"
"883","s443",3.32894736842105,4.5,500,333,3.4,4,3.5,151.2,"1등급"
"884","s1423",3.6875,4.5,500,333,3.36363636363636,4.5,3.33333333333333,151.209090909091,"1등급"
"885","s505",3.13541666666667,4.5,500,333,3.73913043478261,3.33333333333333,2.92857142857143,151.216977225673,"1등급"
"886","s549",3.08333333333333,4.5,500,333,3.875,2.5,3.125,151.21875,"1등급"
"887","s481",3.43055555555556,4.5,500,333,3.43333333333333,4.5,3.21428571428571,151.219285714286,"1등급"
"888","s719",3.33333333333333,4.5,500,333,3.52380952380952,3.5,3.77777777777778,151.221587301587,"1등급"
"889","s782",3.51923076923077,4.5,500,333,3.76666666666667,4.5,2.2,151.228,"1등급"
"890","s980",3.79166666666667,4.5,500,333,3.45454545454545,3.5,4.16666666666667,151.22803030303,"1등급"
"891","s560",3.30434782608696,4.5,500,333,4,2.5,2.6,151.23,"1등급"
"892","s1419",3.375,4.5,500,333,3.75,3.5,3,151.235,"1등급"
"893","s1093",3.36538461538462,4.5,500,333,3.89285714285714,3.5,2.5,151.242857142857,"1등급"
"894","s1372",3.65789473684211,4.5,500,333,3.75,3.5,3.125,151.24375,"1등급"
"895","s1465",3.84090909090909,4.5,500,333,3.59090909090909,3.5,3.875,151.248522727273,"1등급"
"896","s1369",3.44736842105263,4.5,500,333,3.75,3.5,3.25,151.2525,"1등급"
"897","s1487",3.5,4.5,500,333,3.8125,3,3.5,151.25375,"1등급"
"898","s1160",3.5,4.5,500,333,3.85714285714286,2.5,4,151.257142857143,"1등급"
"899","s105",3.78378378378378,4.5,500,333,3.68421052631579,3.5,3.71428571428571,151.265263157895,"1등급"
"900","s1502",3.77083333333333,4.5,500,333,3.53846153846154,4,3.83333333333333,151.268205128205,"1등급"
"901","s988",3.65625,4.5,500,333,3.75,3.5,3.5,151.27,"1등급"
"902","s1171",3.38235294117647,4.5,500,333,3.875,3.5,3,151.2725,"1등급"
"903","s1145",3.66666666666667,4.5,500,333,3.67857142857143,3.5,3.9,151.276571428571,"1등급"
"904","s749",3.88333333333333,4.5,500,333,4.0625,2,4,151.27875,"1등급"
"905","s1520",3.72,4.5,500,333,3.84615384615385,3,3.75,151.278846153846,"1등급"
"906","s1435",3.45833333333333,4.5,500,333,4,2.5,3.66666666666667,151.283333333333,"1등급"
"907","s1417",3.64583333333333,4.5,500,333,3.77777777777778,3.5,3.625,151.287083333333,"1등급"
"908","s550",3.78409090909091,4.5,500,333,3.675,4,3.61111111111111,151.291388888889,"1등급"
"909","s1639",3.96875,4.5,500,333,3.75,3.5,3.83333333333333,151.293333333333,"1등급"
"910","s1418",3.25,4.5,500,333,4,3.5,2.83333333333333,151.298333333333,"1등급"
"911","s1148",3.58333333333333,4.5,500,333,3.92857142857143,3.5,3.25,151.306071428571,"1등급"
"912","s206",3.54285714285714,4.5,500,333,3.88888888888889,4,3,151.306666666667,"1등급"
"913","s967",3.80882352941176,4.5,500,333,3.76315789473684,3.5,4,151.308947368421,"1등급"
"914","s403",3.51666666666667,4.5,500,333,4.09090909090909,2.5,3.66666666666667,151.310606060606,"1등급"
"915","s372",3.17647058823529,4.5,500,333,3.89285714285714,4.5,2.75,151.315357142857,"1등급"
"916","s1082",3.51923076923077,4.5,500,333,3.79166666666667,3.5,4,151.3175,"1등급"
"917","s995",3.76666666666667,4.5,500,333,3.78571428571429,4.5,3.16666666666667,151.320714285714,"1등급"
"918","s978",3.421875,4.5,500,333,3.86363636363636,3.83333333333333,3.4375,151.322632575758,"1등급"
"919","s1365",3.45454545454545,4.5,500,333,4.125,4,2.33333333333333,151.324166666667,"1등급"
"920","s1452",3.94444444444444,4.5,500,333,3.78571428571429,3.5,4.125,151.324464285714,"1등급"
"921","s335",3.6219512195122,4.5,500,333,3.95,3.5,3.5,151.33,"1등급"
"922","s1442",3.91666666666667,4.5,500,333,3.90909090909091,3.5,3.7,151.331727272727,"1등급"
"923","s748",3.45833333333333,4.5,500,333,4.25,3.5,2.25,151.3325,"1등급"
"924","s1409",3.2,4.5,500,333,4.375,2.5,2.5,151.3375,"1등급"
"925","s106",3.61764705882353,4.5,500,333,3.8125,3.5,4.21428571428571,151.33875,"1등급"
"926","s776",3.80769230769231,4.5,500,333,3.93478260869565,4,3.28571428571429,151.343291925466,"1등급"
"927","s1299",3.89285714285714,4.5,500,333,3.80769230769231,4.5,3.4,151.348307692308,"1등급"
"928","s385",3.8,4.5,500,333,3.875,4.5,3.33333333333333,151.3625,"1등급"
"929","s604",3.83823529411765,4.5,500,333,3.875,4.41666666666667,3.42857142857143,151.365357142857,"1등급"
"930","s1368",3.53846153846154,4.5,500,333,4.125,3.5,3.33333333333333,151.370833333333,"1등급"
"931","s523",3.79310344827586,4.5,500,333,3.93333333333333,3.5,4.16666666666667,151.371666666667,"1등급"
"932","s494",3.703125,4.5,500,333,4.23684210526316,4.25,2.4,151.375052631579,"1등급"
"933","s985",3.84375,4.5,500,333,3.76923076923077,4.5,3.83333333333333,151.375769230769,"1등급"
"934","s823",3.83333333333333,4.5,500,333,3.8,4.5,3.75,151.3775,"1등급"
"935","s428",3.72857142857143,4.5,500,333,3.76190476190476,4.5,3.91666666666667,151.381071428571,"1등급"
"936","s137",3.8125,4.5,500,333,3.86,4,4.05555555555556,151.382444444444,"1등급"
"937","s475",3.76136363636364,4.5,500,333,4.13461538461539,3.5,3.5,151.385384615385,"1등급"
"938","s806",3.8,4.5,500,333,4.03125,3.5,4,151.389375,"1등급"
"939","s189",3.97368421052632,4.5,500,333,3.85,4,4.21428571428571,151.392142857143,"1등급"
"940","s1630",3.9375,4.5,500,333,3.78571428571429,4.5,4,151.395714285714,"1등급"
"941","s1446",3.91666666666667,4.5,500,333,4.25,2.5,4.5,151.4,"1등급"
"942","s746",3.85483870967742,4.5,500,333,4,4,3.83333333333333,151.406666666667,"1등급"
"943","s1491",3.98076923076923,4.5,500,333,4.125,3.5,3.9,151.4105,"1등급"
"944","s223",3.93478260869565,4.5,500,333,4,4.5,3.5,151.415,"1등급"
"945","s535",3.9375,4.5,500,333,3.8,4.5,4.21428571428571,151.419285714286,"1등급"
"946","s1474",3.5,4.5,500,333,4.375,3.5,3,151.4225,"1등급"
"947","s157",3.725,4.5,500,333,3.96,4.5,3.83333333333333,151.433,"1등급"
"948","s1493",3.975,4.5,500,333,4.125,3.5,4.5,151.4525,"1등급"
"949","s946",3.84615384615385,4.5,500,333,4.175,4,4,151.4725,"1등급"
"950","s731",3.95588235294118,4.5,500,333,4.29411764705882,3.5,4.1875,151.481360294118,"1등급"
"951","s890",3.9625,4.5,500,333,4.0625,4.5,4.125,151.49,"1등급"
"952","s1258",3.94285714285714,4.5,500,333,4.13636363636364,4,4.4,151.492909090909,"1등급"
"953","s694",3.67948717948718,4.5,500,333,4.21052631578947,4.5,4.25,151.545657894737,"1등급"
"954","s276",4.13,3,333,444,4.09523809523809,4.5,4.35,168.120071428571,"1등급"
"955","s1434",4,3.5,389,444,3.75,3.5,4.33333333333333,173.528333333333,"1등급"
"956","s1267",4,3.5,389,444,3.78571428571429,4,3.85714285714286,173.544285714286,"1등급"
"957","s706",4.01923076923077,3.5,389,444,3.66666666666667,4.5,4.16666666666667,173.575,"1등급"
"958","s406",4.05357142857143,3.5,389,444,4.0625,3.5,4,173.59875,"1등급"
"959","s1382",4.14583333333333,3.5,389,444,4.125,3.5,4,173.6175,"1등급"
"960","s1293",4.10344827586207,3.5,389,444,3.875,4.5,4.1,173.6315,"1등급"
"961","s1395",4.08333333333333,3.5,389,444,4,4.5,4.375,173.69375,"1등급"
"962","s761",4.09459459459459,3.5,389,444,4.13636363636364,4.5,4.14285714285714,173.713766233766,"1등급"
"963","s1130",4.075,3.5,389,444,4.25,4.5,4.125,173.74625,"1등급"
"964","s738",4.26388888888889,3.5,389,444,4.15789473684211,4.5,4.4375,173.746743421053,"1등급"
"965","s754",4.19230769230769,3.5,389,444,4.25,4.5,4.27777777777778,173.76,"1등급"
"966","s1341",4.02941176470588,4,444,444,3.92857142857143,3.5,4.25,179.076071428571,"1등급"
"967","s1497",4,4,444,444,4.16666666666667,3.5,4,179.13,"1등급"
"968","s640",4.1,4,444,444,4.26,3.75,3.5,179.1405,"1등급"
"969","s121",4.0125,4,444,444,4,4,4.42857142857143,179.154285714286,"1등급"
"970","s1602",4.2,4,444,444,4.11111111111111,4,4.25,179.173333333333,"1등급"
"971","s763",4.234375,4,444,444,4.27777777777778,3.5,4.25,179.180833333333,"1등급"
"972","s265",4.1046511627907,4,444,444,4.07407407407407,4.5,4.07142857142857,179.188650793651,"1등급"
"973","s1294",4.28571428571429,4,444,444,4.23076923076923,4.5,4.2,179.247230769231,"1등급"
"974","s616",4.32352941176471,4,444,444,4.21875,4.5,4.5,179.270625,"1등급"
"975","s431",4.05,4.5,500,444,3.95454545454545,4,4.08333333333333,184.71303030303,"1등급"
"976","s858",4.08333333333333,4.5,500,444,3.85,4.5,4,184.715,"1등급"
"977","s1410",4.08333333333333,4.5,500,444,3.88888888888889,4,4.5,184.726666666667,"1등급"
"978","s427",4.13333333333333,4.5,500,444,4.2,4,3.5,184.74,"1등급"
"979","s141",4.2,4.5,500,444,4.125,3.5,4.5,184.7525,"1등급"
"980","s258",4,4.5,500,444,4.025,4.5,3.83333333333333,184.7525,"1등급"
"981","s798",4,4.5,500,444,4.18421052631579,4,3.75,184.755263157895,"1등급"
"982","s1509",4,4.5,500,444,4.0625,4.5,3.75,184.75625,"1등급"
"983","s485",4,4.5,500,444,4.1875,4.5,3.4,184.76225,"1등급"
"984","s508",4.07142857142857,4.5,500,444,4.125,4,4.14285714285714,184.768928571429,"1등급"
"985","s1042",4.07894736842105,4.5,500,444,3.94444444444444,4.5,4.375,184.777083333333,"1등급"
"986","s975",4.25,4.5,500,444,4.40909090909091,3,4.35714285714286,184.784155844156,"1등급"
"987","s538",4.06976744186047,4.5,500,444,4.16666666666667,4.5,3.8125,184.793125,"1등급"
"988","s1388",4.13157894736842,4.5,500,444,4.14285714285714,4.5,4,184.802857142857,"1등급"
"989","s1425",4,4.5,500,444,4.375,3.5,4.16666666666667,184.804166666667,"1등급"
"990","s433",4.10227272727273,4.5,500,444,4.25,3.75,4.41666666666667,184.80625,"1등급"
"991","s155",4.04761904761905,4.5,500,444,4.175,4.5,3.94444444444444,184.8075,"1등급"
"992","s308",4.01136363636364,4.5,500,444,4.17391304347826,4.5,3.95,184.807673913043,"1등급"
"993","s663",4.13414634146341,4.5,500,444,4.3125,3.75,4.25,184.8125,"1등급"
"994","s1495",4.11111111111111,4.5,500,444,4.1875,4.5,4,184.81625,"1등급"
"995","s1375",4,4.5,500,444,4.25,4.5,4,184.835,"1등급"
"996","s477",4.07142857142857,4.5,500,444,4.28125,4.5,3.91666666666667,184.836875,"1등급"
"997","s213",4.14705882352941,4.5,500,444,4.32352941176471,4.5,3.78571428571429,184.837773109244,"1등급"
"998","s1490",4.25,4.5,500,444,4.1875,4.5,4.3,184.84325,"1등급"
"999","s1342",4.27272727272727,4.5,500,444,4.25,4.5,4.1,184.844,"1등급"
"1000","s1110",4.33783783783784,4.5,500,444,4.18181818181818,4.5,4.5,184.859545454545,"1등급"
"1001","s404",4.31818181818182,4.5,500,444,4.35294117647059,4,4.42857142857143,184.860168067227,"1등급"
"1002","s233",4.27941176470588,4.5,500,444,4.27777777777778,4.5,4.22222222222222,184.863333333333,"1등급"
"1003","s1623",4.36111111111111,4.5,500,444,4.33333333333333,4.5,4.125,184.87125,"1등급"
"1004","s237",4.24324324324324,4.5,500,444,4.33333333333333,4.5,4.14285714285714,184.872857142857,"1등급"
"1005","s1162",4.20833333333333,4.5,500,444,4.30555555555556,4.5,4.35714285714286,184.88380952381,"1등급"
"1006","s812",4.29166666666667,4.5,500,444,4.41176470588235,4.33333333333333,4.16666666666667,184.884640522876,"1등급"
"1007","s525",4.33333333333333,4.5,500,444,4.38461538461539,4.5,4.16666666666667,184.890384615385,"1등급"
"1008","s1391",4,4.5,500,444,4.375,4.5,4.2,184.8905,"1등급"
"1009","s499",4.32558139534884,4.5,500,444,4.38095238095238,4.25,4.44444444444444,184.892063492063,"1등급"
"1010","s612",4.15714285714286,4.5,500,444,4.36842105263158,4.5,4.3125,184.898651315789,"1등급"
"1011","s1109",4.3125,4.5,500,444,4.5,4.5,3.91666666666667,184.9025,"1등급"
"1012","s1266",4.18421052631579,4.5,500,444,4.35,4.5,4.5,184.91,"1등급"
"1013","s1330",4.08333333333333,4.5,500,444,4.5,4.5,4,184.91,"1등급"
"1014","s1413",4.28846153846154,4.5,500,444,4.45833333333333,4.5,4.3,184.9245,"1등급"
"1015","s816",4.41935483870968,4.5,500,444,4.44736842105263,4.5,4.5,184.939210526316,"1등급"
"1016","s1292",4.44642857142857,4.5,500,444,4.5,4.5,4.4,184.946,"1등급"
